run,condition,rule,epoch,acc,f1,qwk,dedup_acc,dedup_f1,dedup_qwk,acc_clean_imgs,acc_dup_same_grade,acc_dup_conflict_grade,n_dup_same,n_dup_conflict,acc_max_minus_mean,acc_sd_last10
R0_seed1,R0 released split,as_released (max test acc),170.0,0.855191256830601,0.6984581845849462,0.9085516240831788,0.8645038167938931,0.7009394047281178,0.9107230594701672,0.8645038167938931,1.0,0.05555555555555555,32.0,18.0,,
R0_seed1,R0 released split,last_epoch,999.0,0.8342440801457195,0.677574030819906,0.8881387013420021,0.8435114503816794,0.6812546462307292,0.8894871126596343,0.8435114503816794,1.0,0.0,32.0,18.0,,
R0_seed1,,all_evals_mean,,0.8018269040018757,,,,,,,,,,,0.053364352828725314,0.010803434820783648
R0_seed1234,R0 released split,as_released (max test acc),180.0,0.8479052823315119,0.6860634953568695,0.9045219945899811,0.8568702290076335,0.6867319402413836,0.9064340476966828,0.8568702290076335,1.0,0.05555555555555555,32.0,18.0,,
R0_seed1234,R0 released split,last_epoch,999.0,0.8387978142076503,0.6765331671003267,0.905810935612103,0.8482824427480916,0.6796746309521053,0.9082865390756442,0.8482824427480916,1.0,0.0,32.0,18.0,,
R0_seed1234,,all_evals_mean,,0.801421125719129,,,,,,,,,,,0.04648415661238281,0.007486242773609086
R0_seed2,R0 released split,as_released (max test acc),870.0,0.8524590163934426,0.7004005571684553,0.9003132886834602,0.8616412213740458,0.703497234080479,0.9027546204569421,0.8616412213740458,1.0,0.05555555555555555,32.0,18.0,,
R0_seed2,R0 released split,last_epoch,999.0,0.8324225865209471,0.6715638040677658,0.9054150304756983,0.8406488549618321,0.6728908648440601,0.9076639590810508,0.8406488549618321,1.0,0.05555555555555555,32.0,18.0,,
R0_seed2,,all_evals_mean,,0.8026384605673683,,,,,,,,,,,0.04982055582607425,0.004331769030172906
R1_seed1,R1 train/val/test,as_released (max test acc),240.0,0.8515482695810564,0.6999197282990951,0.9091202519066579,0.8606870229007634,0.7024160020556977,0.9121125209582951,0.8606870229007634,1.0,0.05555555555555555,32.0,18.0,,
R1_seed1,R1 train/val/test,last_epoch,999.0,0.8287795992714025,0.6609729977058759,0.8960425226154725,0.8368320610687023,0.659270025170392,0.8982556716011675,0.8368320610687023,1.0,0.05555555555555555,32.0,18.0,,
R1_seed1,R1 train/val/test,val_selected,220.0,0.8324225865209471,0.6700860140734535,0.8877534570818573,0.8416030534351145,0.6706829021179852,0.8896515302868534,0.8416030534351145,0.96875,0.05555555555555555,32.0,18.0,,
R1_seed1,,all_evals_mean,,0.7887518260022724,,,,,,,,,,,0.062796443578784,0.006963227043823065
R1_seed1234,R1 train/val/test,as_released (max test acc),630.0,0.8397085610200364,0.6596236672753506,0.8971223952530503,0.8482824427480916,0.6573153854672429,0.8993678684148458,0.8482824427480916,1.0,0.05555555555555555,32.0,18.0,,
R1_seed1234,R1 train/val/test,last_epoch,999.0,0.8205828779599271,0.6475993564222575,0.8947327025839136,0.8291984732824428,0.6472927670566444,0.8965022174752693,0.8291984732824428,1.0,0.0,32.0,18.0,,
R1_seed1234,R1 train/val/test,val_selected,260.0,0.8205828779599271,0.6526529909341791,0.8968694420906879,0.8291984732824428,0.6528053473592366,0.899513683640358,0.8291984732824428,1.0,0.0,32.0,18.0,,
R1_seed1234,,all_evals_mean,,0.7804919836245918,,,,,,,,,,,0.059216577395444614,0.007186633019514427
R1_seed2,R1 train/val/test,as_released (max test acc),340.0,0.8442622950819673,0.6793963749651291,0.9040254806400859,0.8520992366412213,0.6810058130383412,0.9056956115779645,0.8520992366412213,1.0,0.1111111111111111,32.0,18.0,,
R1_seed2,R1 train/val/test,last_epoch,999.0,0.8123861566484517,0.6339980640020053,0.8687032701457594,0.8215648854961832,0.6334698846307395,0.8699675940793508,0.8215648854961832,0.96875,0.0,32.0,18.0,,
R1_seed2,R1 train/val/test,val_selected,110.0,0.8178506375227687,0.6666365322214592,0.8798017097578155,0.825381679389313,0.6662629418718463,0.8808224028841861,0.825381679389313,1.0,0.05555555555555555,32.0,18.0,,
R1_seed2,,all_evals_mean,,0.7890944832188139,,,,,,,,,,,0.05516781186315334,0.012746479271334777
