,,,acc,acc,f1,f1,kappa,kappa,qwk,qwk,auc,auc
,,,mean,std,mean,std,mean,std,mean,std,mean,std
cond,model,order,,,,,,,,,,
A,final_released,class-sorted (released),0.982,0.0024,0.982,0.0024,0.9775,0.003,0.9928,0.0011,0.9996,0.0002
A,final_released,one image at a time,0.9449,0.0082,0.9445,0.008,0.9311,0.0103,0.9725,0.0041,0.9887,0.0047
A,final_released,random order (mean of 5),0.9426,0.0091,0.9421,0.0093,0.9282,0.0113,0.9707,0.0055,0.9908,0.0034
A,true_bestval,class-sorted (released),0.984,0.0063,0.984,0.0063,0.98,0.0079,0.9942,0.0029,0.9994,0.0006
A,true_bestval,one image at a time,0.9266,0.0325,0.9266,0.0322,0.9083,0.0407,0.9625,0.0208,0.985,0.009
A,true_bestval,random order (mean of 5),0.9159,0.0452,0.9157,0.045,0.8948,0.0565,0.9521,0.0313,0.9838,0.0112
B,final_released,class-sorted (released),0.8875,0.0124,0.7337,0.0368,0.8252,0.02,0.9384,0.0085,0.9599,0.0081
B,final_released,one image at a time,0.8315,0.0351,0.6886,0.0527,0.7451,0.0512,0.8992,0.0171,0.8682,0.027
B,final_released,random order (mean of 5),0.8164,0.0053,0.5923,0.0213,0.7108,0.0077,0.8544,0.0026,0.9013,0.0164
B,true_bestval,class-sorted (released),0.9179,0.0197,0.8274,0.0371,0.8742,0.0292,0.9554,0.0114,0.9764,0.0036
B,true_bestval,one image at a time,0.6855,0.0445,0.5634,0.0478,0.5534,0.0473,0.702,0.0985,0.8442,0.0157
B,true_bestval,random order (mean of 5),0.7352,0.0275,0.4821,0.0256,0.5752,0.0467,0.7284,0.0523,0.8802,0.008
