run,cond,model,order,n_test,n_referable,acc,sensitivity,specificity,sensitivity_original_images_only,missed_referable,missed_predicted_grade0,missed_predicted_grade1,false_referrals
A_seed1,A,final_released,class-sorted (released),1354,813,0.9793205317577548,0.981549815498155,0.9944547134935305,0.96875,15.0,0.0,15.0,3.0
A_seed1,A,final_released,random order (mean of 5),1354,813,0.9357459379615953,0.9623616236162362,0.9841035120147874,0.9464285714285714,30.6,1.4,29.2,8.6
A_seed1,A,final_released,one image at a time,1354,813,0.9387001477104875,0.972939729397294,0.977818853974122,0.96875,22.0,1.0,21.0,12.0
A_seed1,A,true_bestval,class-sorted (released),1354,813,0.981536189069424,0.984009840098401,0.9926062846580407,0.96875,13.0,0.0,13.0,4.0
A_seed1,A,true_bestval,random order (mean of 5),1354,813,0.9412112259970458,0.9675276752767527,0.9804066543438077,0.9562500000000002,26.4,0.4,26.0,10.6
A_seed1,A,true_bestval,one image at a time,1354,813,0.9423929098966026,0.976629766297663,0.9759704251386322,0.9732142857142857,19.0,0.0,19.0,13.0
A_seed1234,A,final_released,class-sorted (released),1354,813,0.983751846381093,0.997539975399754,0.988909426987061,0.995575221238938,2.0,0.0,2.0,6.0
A_seed1234,A,final_released,random order (mean of 5),1354,813,0.9391432791728211,0.9803198031980319,0.9700554528650647,0.9787610619469025,16.0,1.0,15.0,16.2
A_seed1234,A,final_released,one image at a time,1354,813,0.9416543574593796,0.985239852398524,0.966728280961183,0.9823008849557522,12.0,1.0,11.0,18.0
A_seed1234,A,true_bestval,class-sorted (released),1354,813,0.9793205317577548,0.992619926199262,0.988909426987061,0.9911504424778761,6.0,0.0,6.0,6.0
A_seed1234,A,true_bestval,random order (mean of 5),1354,813,0.8636632200886265,0.9498154981549816,0.9260628465804066,0.9380530973451326,40.8,2.0,38.8,40.0
A_seed1234,A,true_bestval,one image at a time,1354,813,0.8892171344165436,0.9606396063960639,0.9353049907578558,0.9557522123893806,32.0,0.0,32.0,35.0
A_seed2,A,final_released,class-sorted (released),1354,812,0.98301329394387,0.9913793103448276,0.9981549815498155,0.9864864864864865,7.0,0.0,7.0,1.0
A_seed2,A,final_released,random order (mean of 5),1354,812,0.95288035450517,0.982512315270936,0.9870848708487084,0.9765765765765766,14.2,0.4,13.8,7.0
A_seed2,A,final_released,one image at a time,1354,812,0.9542097488921714,0.979064039408867,0.992619926199262,0.9774774774774775,17.0,0.0,17.0,4.0
A_seed2,A,true_bestval,class-sorted (released),1354,812,0.9911373707533235,0.9975369458128078,1.0,1.0,2.0,0.0,2.0,0.0
A_seed2,A,true_bestval,random order (mean of 5),1354,812,0.9426883308714918,0.9849753694581279,0.9738007380073801,0.9756756756756758,12.2,1.4,10.8,14.2
A_seed2,A,true_bestval,one image at a time,1354,812,0.948301329394387,0.9864532019704434,0.977859778597786,0.9864864864864865,11.0,1.0,10.0,12.0
B_seed1,B,final_released,class-sorted (released),548,222,0.8832116788321168,0.9819819819819819,0.9294478527607362,0.9819819819819819,4.0,0.0,4.0,23.0
B_seed1,B,final_released,random order (mean of 5),548,222,0.8105839416058395,0.9297297297297297,0.8975460122699387,0.9297297297297297,15.6,5.0,10.6,33.4
B_seed1,B,final_released,one image at a time,548,222,0.7937956204379562,0.9144144144144144,0.9294478527607362,0.9144144144144144,19.0,1.0,18.0,23.0
B_seed1,B,true_bestval,class-sorted (released),548,222,0.9343065693430657,0.990990990990991,0.9693251533742331,0.990990990990991,2.0,0.0,2.0,10.0
B_seed1,B,true_bestval,random order (mean of 5),548,222,0.7660583941605841,0.881981981981982,0.8840490797546012,0.881981981981982,26.2,12.4,13.8,37.8
B_seed1,B,true_bestval,one image at a time,548,222,0.7025547445255474,0.8918918918918919,0.8159509202453987,0.8918918918918919,24.0,1.0,23.0,60.0
B_seed1234,B,final_released,class-sorted (released),548,222,0.8777372262773723,1.0,0.9233128834355828,1.0,0.0,0.0,0.0,25.0
B_seed1234,B,final_released,random order (mean of 5),548,222,0.8178832116788322,0.9513513513513514,0.8957055214723926,0.9513513513513514,10.8,5.8,5.0,34.0
B_seed1234,B,final_released,one image at a time,548,222,0.8375912408759124,0.9279279279279279,0.9233128834355828,0.9279279279279279,16.0,1.0,15.0,25.0
B_seed1234,B,true_bestval,class-sorted (released),548,222,0.9233576642335767,1.0,0.9785276073619632,1.0,0.0,0.0,0.0,7.0
B_seed1234,B,true_bestval,random order (mean of 5),548,222,0.7259124087591241,0.8027027027027026,0.9110429447852761,0.8027027027027026,43.8,38.6,5.2,29.0
B_seed1234,B,true_bestval,one image at a time,548,222,0.718978102189781,0.9324324324324325,0.8128834355828221,0.9324324324324325,15.0,0.0,15.0,61.0
B_seed2,B,final_released,class-sorted (released),548,222,0.9014598540145985,0.9864864864864865,0.9478527607361963,0.9864864864864865,3.0,0.0,3.0,17.0
B_seed2,B,final_released,random order (mean of 5),548,222,0.8208029197080291,0.9306306306306306,0.9079754601226995,0.9306306306306306,15.4,7.8,7.6,30.0
B_seed2,B,final_released,one image at a time,548,222,0.8631386861313869,0.9234234234234234,0.9447852760736196,0.9234234234234234,17.0,1.0,16.0,18.0
B_seed2,B,true_bestval,class-sorted (released),548,222,0.8959854014598541,0.954954954954955,0.9846625766871165,0.954954954954955,10.0,0.0,10.0,5.0
B_seed2,B,true_bestval,random order (mean of 5),548,222,0.7135036496350364,0.736936936936937,0.9306748466257669,0.736936936936937,58.4,38.0,20.4,22.6
B_seed2,B,true_bestval,one image at a time,548,222,0.635036496350365,0.8513513513513513,0.8220858895705522,0.8513513513513513,33.0,1.0,32.0,58.0
