run,model,order,acc,f1,kappa,qwk,auc,stop_epoch,true_best_val_epoch,cond
A_seed1,final_released,class-sorted (released),0.9793205317577548,0.9792470758771064,0.9741507915945072,0.993750025455518,0.9993477546502151,49.0,44.0,A
A_seed1,final_released,random order (mean of 5),0.9357459379615953,0.9349779888795922,0.9196834435391438,0.9679350295936121,0.9883241758179355,,,A
A_seed1,final_released,one image at a time,0.9387001477104875,0.9384896262003368,0.9233756130421413,0.9696196293433015,0.9881971413666122,,,A
A_seed1,true_bestval,class-sorted (released),0.981536189069424,0.9814915496160808,0.9769203181655164,0.9948434804820186,0.9993974851567536,,,A
A_seed1,true_bestval,random order (mean of 5),0.9412112259970458,0.9409398452816488,0.9265147365462978,0.9719493221489296,0.9882749533681856,,,A
A_seed1,true_bestval,one image at a time,0.9423929098966026,0.9422969577728335,0.9279912944821417,0.9735488683084305,0.988359711020933,,,A
A_seed1234,final_released,class-sorted (released),0.983751846381093,0.9837323876572002,0.9796897830499554,0.9915408974330419,0.9996319427644877,49.0,17.0,A
A_seed1234,final_released,random order (mean of 5),0.9391432791728211,0.938877422071446,0.9239289424078592,0.9671471746968722,0.9893088886844549,,,A
A_seed1234,final_released,one image at a time,0.9416543574593796,0.9414248971300868,0.9270678573157486,0.9706845979930641,0.984275239197452,,,A
A_seed1234,true_bestval,class-sorted (released),0.9793205317577548,0.9793007120728016,0.9741506153479017,0.9909643468538097,0.9987515886239194,,,A
A_seed1234,true_bestval,random order (mean of 5),0.8636632200886265,0.8636787247160648,0.8295784493592582,0.9160568265041679,0.9709766066728072,,,A
A_seed1234,true_bestval,one image at a time,0.8892171344165436,0.8895434570601513,0.861520681555523,0.9385553443910881,0.974857937175863,,,A
A_seed2,final_released,class-sorted (released),0.98301329394387,0.9829214496278649,0.9787665768929192,0.9929889222464228,0.9997974435884711,48.0,33.0,A
A_seed2,final_released,random order (mean of 5),0.95288035450517,0.9525897137431925,0.9411005167522495,0.9771278631668819,0.994620318031435,,,A
A_seed2,final_released,one image at a time,0.9542097488921714,0.9536453308934185,0.9427621939204434,0.97718918401906,0.9937063291685548,,,A
A_seed2,true_bestval,class-sorted (released),0.9911373707533235,0.9911277634758069,0.9889216998454302,0.9966752899231219,0.9999270302490653,,,A
A_seed2,true_bestval,random order (mean of 5),0.9426883308714918,0.9424405746933582,0.9283603250372596,0.9682470824272587,0.9920217870045736,,,A
A_seed2,true_bestval,one image at a time,0.948301329394387,0.9479429642453964,0.935376582431676,0.9755201702150335,0.9918585234097955,,,A
B_seed1,final_released,class-sorted (released),0.8832116788321168,0.7134900451985846,0.8185862222360158,0.94229219916164,0.9506952283307246,27.0,6.0,B
B_seed1,final_released,random order (mean of 5),0.8105839416058395,0.5778335616303425,0.7028002702193397,0.8571472475879656,0.8823662171023271,,,B
B_seed1,final_released,one image at a time,0.7937956204379562,0.6378732502538458,0.6909933781443834,0.8815884245402308,0.8421568029810542,,,B
B_seed1,true_bestval,class-sorted (released),0.9343065693430657,0.8578635178005956,0.8992266277085909,0.9629441416335396,0.9777809193345165,,,B
B_seed1,true_bestval,random order (mean of 5),0.7660583941605841,0.5016409891127263,0.6290982532420609,0.7873975973051612,0.8757631111476065,,,B
B_seed1,true_bestval,one image at a time,0.7025547445255474,0.6008877304570742,0.5695166677108585,0.7792908940919359,0.8400986173935184,,,B
B_seed1234,final_released,class-sorted (released),0.8777372262773723,0.7114659197012139,0.8093635934100739,0.9286694750792824,0.9658093394722904,30.0,4.0,B
B_seed1234,final_released,random order (mean of 5),0.8178832116788322,0.5823455653570677,0.7114676454640121,0.854042825427646,0.910607951649985,,,B
B_seed1234,final_released,one image at a time,0.8375912408759124,0.684952608764355,0.7514004495710725,0.9001042254565528,0.8961104987867529,,,B
B_seed1234,true_bestval,class-sorted (released),0.9233576642335767,0.8382492931976568,0.881308208793589,0.9610569376985156,0.9790189574892277,,,B
B_seed1234,true_bestval,random order (mean of 5),0.7259124087591241,0.4531783301241794,0.5507636054945785,0.7104228742348466,0.8754400117564245,,,B
B_seed1234,true_bestval,one image at a time,0.718978102189781,0.579681667197465,0.590606338441537,0.7355613871478452,0.8615222968978618,,,B
B_seed2,final_released,class-sorted (released),0.9014598540145985,0.7762218963831866,0.8475951114247015,0.9443664235799732,0.9633215453277835,28.0,5.0,B
B_seed2,final_released,random order (mean of 5),0.8208029197080291,0.6167011752302575,0.7181322645361308,0.8520697562812296,0.9108151154605839,,,B
B_seed2,final_released,one image at a time,0.8631386861313869,0.7431090711492334,0.7928323000151217,0.9157603053678949,0.8662785987154594,,,B
B_seed2,true_bestval,class-sorted (released),0.8959854014598541,0.7860309411053438,0.8421611133007914,0.9423341637941822,0.9723382212576546,,,B
B_seed2,true_bestval,random order (mean of 5),0.7135036496350364,0.49152931005817085,0.5457705117795836,0.6875144935201799,0.8895034586212013,,,B
B_seed2,true_bestval,one image at a time,0.635036496350365,0.5095523513539228,0.5001254247337575,0.5911403478299315,0.8310264451970273,,,B
