SOURCE,EXTERNAL_ID,PMCID,DOI,AUTHORS,PUBLICATION_YEAR,PUBLICATION_MONTH,TITLE,JOURNAL,VOLUME,ISSUE,PAGE_INFO,PUBLISHER,TIMES_CITED,GRANTS,OPEN_ACCESS,LICENSE,FIRST_PUB_DATE (dd/mm/yyyy),EMBARGO_DATE (dd/mm/yyyy),IN_EPMC,EPMC_AUTH_MAN,title_screen,title_reason,fulltext_decision,fulltext_evidence
MED,40841568,PMC12370889,10.1038/s41598-025-14944-7,"Mohsen, Farida; Belhaouari, Samir; Shah, Zubair",2025,8.0,Integrating non-linear radon transformation for diabetic retinopathy grading.,Sci Rep,15.0,1.0,30706,,1,,Y,cc by-nc-nd,2025-08-21,,Y,N,full-text,title fits: DR/retinal image classification,E6,repo is only a Radon-transform package; no DR training/eval code
MED,41492535,PMC12765111,10.1016/j.mex.2025.103605,"Ara, Tabassum; Mishra, Ved Prakash; Bali, Manish; Yenkikar, Anuradha",2025,12.0,Hybrid quantum-classical deep learning framework for balanced multiclass diabetic retinopathy classification.,MethodsX,15.0,,103605,,2,,Y,cc by-nc-nd,2025-09-04,,Y,N,full-text,title fits: DR/retinal image classification,unclear (likely E5),"""Github"" link in spec table not recoverable; data on request; check in browser"
MED,41153291,PMC12563609,10.3390/diagnostics15202619,"Singh, Archana; Jain, Sushma; Arora, Vinay",2025,10.0,Pixel-Attention W-Shaped Network for Joint Lesion Segmentation and Diabetic Retinopathy Severity Staging.,Diagnostics (Basel),15.0,20.0,2619,,1,,Y,cc by,2025-10-17,,Y,N,full-text,title fits: DR/retinal image classification,E2,APTOS used only as external test set
MED,40542189,PMC12181238,10.1038/s41746-025-01772-2,"Shi, Danli; Zhang, Weiyi; Yang, Jiancheng; Huang, Siyu; Chen, Xiaolan; Xu, Pusheng; Jin, Kai; Lin, Shan; Wei, Jin; Yusufu, Mayinuer; Liu, Shunming; Zhang, Qing; Ge, Zongyuan; Xu, Xun; He, Mingguang",2025,6.0,A multimodal visual-language foundation model for computational ophthalmology.,NPJ Digit Med,8.0,1.0,381,,31,"""Global STEM Professorship Scheme"":""P0046113"",""Start-up Fund for RAPs under the Strategic Hiring Scheme"":""P0048623"",""Henry G. Leong Endowed Professorship in Elderly Vision Health"":""ID_NOT_SUPPLIED""",Y,cc by-nc-nd,2025-06-21,,Y,N,full-text,title fits: DR/retinal image classification,INCLUDE (borderline),"EyeCLIP: APTOS one of 11 fine-tuning sets, 55:15:30 split; PyTorch fine-tune+eval code (github.com/Michi-3000/EyeCLIP)"
MED,39981059,PMC11840206,10.1016/j.mex.2025.103185,"Bali, Manish; Mishra, Ved Prakash; Yenkikar, Anuradha; Chikmurge, Diptee",2025,6.0,QuantumNet: An enhanced diabetic retinopathy detection model using classical deep learning-quantum transfer learning.,MethodsX,14.0,,103185,,5,,Y,cc by-nc-nd,2025-01-25,,Y,N,full-text,title fits: DR/retinal image classification,unclear (likely E5),"""Cirq quantum github"" link likely the library, not authors code; data on request"
MED,41008727,PMC12468348,10.3390/diagnostics15182355,"Singh, Archana; Jain, Sushma; Arora, Vinay",2025,9.0,A Multi-Model Image Enhancement and Tailored U-Net Architecture for Robust Diabetic Retinopathy Grading.,Diagnostics (Basel),15.0,18.0,2355,,3,,Y,cc by,2025-09-17,,Y,N,full-text,title fits: DR/retinal image classification,E5,no code statement
MED,41028406,PMC12485178,10.1038/s41598-025-85685-w,"Almattar, Wadha; Anwar, Saeed; Al-Azani, Sadam; Khan, Fakhri Alam",2025,9.0,Multi scale self supervised learning for deep knowledge transfer in diabetic retinopathy grading.,Sci Rep,15.0,1.0,33742,,0,"""King Fahd University of Petroleum and Minerals, SDAIA-KFUPM Joint Research Center for Artificial Intelligence"":""JRCAI-RG-14""",Y,cc by,2025-09-30,,Y,N,full-text,title fits: DR/retinal image classification,E5,"code ""will be"" available; only author profile linked, no repo found"
MED,40592857,PMC12214743,10.1038/s41467-025-60577-9,"Wang, Meng; Lin, Tian; Lin, Aidi; Yu, Kai; Peng, Yuanyuan; Wang, Lianyu; Chen, Cheng; Zou, Ke; Liang, Huiyu; Chen, Man; Yao, Xue; Zhang, Meiqin; Huang, Binwei; Zheng, Chaoxin; Zhang, Peixin; Chen, Wei; Luo, Yilong; Chen, Yifan; Xia, Honghe; Shi, Tingkun; Zhang, Qi; Guo, Jinming; Chen, Xiaolin; Wang, Jingcheng; Tham, Yih Chung; Liu, Dianbo; Wong, Wendy; Thakur, Sahil; Fenner, Beau J; Fang, Danqi; Liu, Siying; Liu, Qingyun; Huang, Yuqiang; Zeng, Hongqiang; Meng, Yanda; Zhou, Yukun; Jiang, Zehua; Qiu, Minghui; Zhang, Changqing; Chen, Xinjian; Wang, Sophia Y; Lee, Cecilia S; Sobrin, Lucia; Cheung, Carol Y; Pang, Chi Pui; Keane, Pearse A; Cheng, Ching-Yu; Chen, Haoyu; Fu, Huazhu",2025,7.0,Enhancing diagnostic accuracy in rare and common fundus diseases with a knowledge-rich vision-language model.,Nat Commun,16.0,1.0,5528,,21,"""NIA NIH HHS"":""R01 AG060942"",""NIH HHS"":""OT2 OD032644""",Y,cc by-nc-nd,2025-07-01,,Y,N,full-text,title fits: DR/retinal image classification,E2,APTOS not in evaluation sets (main text)
MED,37704728,PMC10550819,10.1038/s41586-023-06555-x,"Zhou, Yukun; Chia, Mark A; Wagner, Siegfried K; Ayhan, Murat S; Williamson, Dominic J; Struyven, Robbert R; Liu, Timing; Xu, Moucheng; Lozano, Mateo G; Woodward-Court, Peter; Kihara, Yuka; UK Biobank Eye & Vision Consortium; Altmann, Andre; Lee, Aaron Y; Topol, Eric J; Denniston, Alastair K; Alexander, Daniel C; Keane, Pearse A",2023,10.0,A foundation model for generalizable disease detection from retinal images.,Nature,622.0,7981.0,156-163,,660,"""Engineering and Physical Sciences Research Council"":""EP/V034537/1"",""Medical Research Council"":""MR/K003364/1"",""National Institute for Health Research (NIHR)"":""NF-SI-0515-10020"",""Medical Research Council"":""MC_PC_19005"",""National Institute for Health Research (NIHR)"":""NIHR205103"",""Engineering and Physical Sciences Research Council"":""EP/M020533/1"",""Medical Research Council"":""MC_UU_00007/10"",""National Institute for Health Research (NIHR)"":""NIHR205109"",""National Institute for Health Research (NIHR)"":""NIHR205096"",""Engineering and Physical Sciences Research Council"":""EP/R014019/1"",""Medical Research Council"":""MR/T019050/1""",Y,cc by,2023-09-13,,Y,N,full-text,title fits: DR/retinal image classification,INCLUDE,"RETFound: APTOS fine-tune/test (5-stage, AUROC 0.943); github.com/rmaphoh/RETFound_MAE; best checkpoint on val; APTOS split zip linked in BENCHMARK.md (added 2024)"
MED,39896369,PMC11784742,10.7717/peerj-cs.2508,"Bhulakshmi, Dasari; Rajput, Dharmendra Singh",2024,,FedDL: personalized federated deep learning for enhanced detection and classification of diabetic retinopathy.,PeerJ Comput Sci,10.0,,e2508,,4,,Y,cc by,2024-12-23,,Y,N,full-text,title fits: DR/retinal image classification,E2,IDRiD + STARE only
MED,41044095,PMC12494769,10.1038/s41598-025-06973-z,"Gandor, Michał; Pałka, Filip; Książek, Wojciech; Pławiak, Paweł; Siedlecka, Aleksandra; Jeruzalski, Tomasz; Olender-Skorek, Magdalena; Jonak, Kamil; Rejdak, Robert; Nowomiejska, Katarzyna; Matysik-Woźniak, Anna; Teus, Miguel; Sanchez, Carolina Arruabarrena; Sylwestrzak, Marek",2025,10.0,Diagnostics of diabetic retinopathy based on fundus photos using machine learning methods with advanced feature engineering algorithms.,Sci Rep,15.0,1.0,34486,,0,"""Targeted grant from the Ministry of Digital Affairs and the Ministry of Health"":""ID_NOT_SUPPLIED""",Y,cc by-nc-nd,2025-10-03,,Y,N,full-text,title fits: DR/retinal image classification,E2,APTOS only in related work
MED,39314692,PMC11419640,10.7717/peerj-cs.2135,"Madduri, Vamsi Krishna; Rao, Battula Srinivasa",2024,,Detection and diagnosis of diabetic eye diseases using two phase transfer learning approach.,PeerJ Comput Sci,10.0,,e2135,,1,,Y,cc by,2024-09-19,,Y,N,full-text,title fits: DR/retinal image classification,E2,APTOS not used
MED,36425113,PMC9681494,10.3389/fmed.2022.1050436,"Hassan, Doaa; Gill, Hunter Mathias; Happe, Michael; Bhatwadekar, Ashay D; Hajrasouliha, Amir R; Janga, Sarath Chandra",2022,,Combining transfer learning with retinal lesion features for accurate detection of diabetic retinopathy.,Front Med (Lausanne),9.0,,1050436,,7,"""NEI NIH HHS"":""R01 EY027779"",""NEI NIH HHS"":""R01 EY032080""",Y,cc by,2022-11-08,,Y,N,full-text,title fits: DR/retinal image classification,E2,APTOS healthy images used for training only; test from other datasets
MED,38693205,PMC11063045,10.1038/s41746-024-01109-5,"Zhang, Juzhao; Lin, Senlin; Cheng, Tianhao; Xu, Yi; Lu, Lina; He, Jiangnan; Yu, Tao; Peng, Yajun; Zhang, Yuejie; Zou, Haidong; Ma, Yingyan",2024,4.0,RETFound-enhanced community-based fundus disease screening: real-world evidence and decision curve analysis.,NPJ Digit Med,7.0,1.0,108,,30,,Y,cc by,2024-04-30,,Y,N,full-text,title fits: DR/retinal image classification,E2,main test external; code repo empty (would also be E6)
MED,37011026,PMC10387358,10.1177/09622802231158811,"Zhang, Ruotao; Gatsonis, Constantine; Steingrimsson, Jon Arni",2023,5.0,Role of calibration in uncertainty-based referral for deep learning.,Stat Methods Med Res,32.0,5.0,927-943,,4,"""National Cancer Institute"":""U10CA180794"",""NCI NIH HHS"":""U10 CA180820"",""National Cancer Institute"":""U10CA180820"",""NCI NIH HHS"":""U10 CA180794""",N,,2023-04-03,,Y,N,full-text,title fits: DR/retinal image classification,E2,APTOS external validation/test only
MED,38826575,PMC11143403,10.12688/f1000research.122288.2,"Arias-Serrano, Isaac; Velásquez-López, Paolo A; Avila-Briones, Laura N; Laurido-Mora, Fanny C; Villalba-Meneses, Fernando; Tirado-Espin, Andrés; Cruz-Varela, Jonathan; Almeida-Galárraga, Diego",2023,,Artificial intelligence based glaucoma and diabetic retinopathy detection using MATLAB - retrained AlexNet convolutional neural network.,F1000Res,12.0,,14,,5,,Y,cc by,2023-01-01,,Y,N,full-text,title fits: DR/retinal image classification,E6,MATLAB-only code
MED,37045856,PMC10097752,10.1038/s41598-023-32518-3,"Son, Jaemin; Shin, Joo Young; Kong, Seo Taek; Park, Jeonghyuk; Kwon, Gitaek; Kim, Hoon Dong; Park, Kyu Hyung; Jung, Kyu-Hwan; Park, Sang Jun",2023,4.0,An interpretable and interactive deep learning algorithm for a clinically applicable retinal fundus diagnosis system by modelling finding-disease relationship.,Sci Rep,13.0,1.0,5934,,10,"""National IT Industry Promotion Agency"":""NIPA-C0202-17-1045"",""National Research Foundation of Korea"":""NRF-2021R1C1C1014138""",Y,cc by,2023-04-12,,Y,N,full-text,title fits: DR/retinal image classification,E2,APTOS external test only; code proprietary
MED,35085334,PMC8794113,10.1371/journal.pone.0262838,"Rajaraman, Sivaramakrishnan; Ganesan, Prasanth; Antani, Sameer",2022,,Deep learning model calibration for improving performance in class-imbalanced medical image classification tasks.,PLoS One,17.0,1.0,e0262838,,35,"""National Library of Medicine"":""ID_NOT_SUPPLIED"",""National Institutes of Health"":""ID_NOT_SUPPLIED"",""Intramural Research Program"":""ID_NOT_SUPPLIED""",Y,cc0,2022-01-27,,Y,N,full-text,title fits: DR/retinal image classification,INCLUDE,"binary normal vs DR from APTOS, held-out 300/300 test; TF/Keras notebook github.com/sivaramakrishnan-rajaraman/Model_calibration"
MED,34013026,PMC8114804,10.7717/peerj-cs.456,"Ramasamy, Lakshmana Kumar; Padinjappurathu, Shynu Gopalan; Kadry, Seifedine; Damaševičius, Robertas",2021,,Detection of diabetic retinopathy using a fusion of textural and ridgelet features of retinal images and sequential minimal optimization classifier.,PeerJ Comput Sci,7.0,,e456,,16,,Y,cc by,2021-05-07,,Y,N,full-text,title fits: DR/retinal image classification,E4,no train/test split described; MATLAB code (also E6)
