rec,SOURCE,EXTERNAL_ID,DOI,PUBLICATION_YEAR,TITLE,JOURNAL,OPEN_ACCESS,IN_EPMC,PMCID,title_screen,title_reason
0,MED,41704302,10.3389/frai.2025.1731633,2025,Graph-enhanced multimodal fusion of vascular biomarkers and deep features for diabetic retinopathy detection.,Front Artif Intell,Y,Y,PMC12907448,full-text,title fits: DR/retinal image classification
1,MED,41224814,10.1038/s41598-025-23234-1,2025,D-TNet: a hybrid Dense Net-transformer model for robust diabetic retinopathy detection.,Sci Rep,Y,Y,PMC12612173,full-text,title fits: DR/retinal image classification
2,MED,41388060,10.1038/s41598-025-31339-w,2025,Comparative analysis of novel preprocessing techniques and deep learning based multi modal feature fusion for diabetic retinopathy grading.,Sci Rep,Y,Y,PMC12800199,full-text,title fits: DR/retinal image classification
3,MED,40841568,10.1038/s41598-025-14944-7,2025,Integrating non-linear radon transformation for diabetic retinopathy grading.,Sci Rep,Y,Y,PMC12370889,full-text,title fits: DR/retinal image classification
4,MED,40463488,10.1117/1.jmi.12.3.034504,2025,Highly efficient homomorphic encryption-based federated learning for diabetic retinopathy classification.,J Med Imaging (Bellingham),N,Y,PMC12128631,full-text,title fits: DR/retinal image classification
5,MED,40890865,10.1186/s42490-025-00098-0,2025,Diabetic retinopathy screening using machine learning: a systematic review.,BMC Biomed Eng,Y,Y,PMC12403315,E3,review/survey (no own experiments)
6,MED,39526031,10.1016/j.mex.2024.103018,2024,ViT-HHO: Optimized vision transformer for diabetic retinopathy detection using Harris Hawk optimization.,MethodsX,Y,Y,PMC11543537,full-text,title fits: DR/retinal image classification
7,MED,40804930,10.3390/diagnostics15151966,2025,Assessing ResNeXt and RegNet Models for Diabetic Retinopathy Classification: A Comprehensive Comparative Study.,Diagnostics (Basel),Y,Y,PMC12346750,full-text,title fits: DR/retinal image classification
8,MED,41295121,10.3390/jimaging11110404,2025,LatAtk: A Medical Image Attack Method Focused on Lesion Areas with High Transferability.,J Imaging,Y,Y,PMC12653631,E3,adversarial attack method
9,MED,40732620,10.3390/s25144492,2025,Multi-Modal AI for Multi-Label Retinal Disease Prediction Using OCT and Fundus Images: A Hybrid Approach.,Sensors (Basel),Y,Y,PMC12298238,full-text,title fits: DR/retinal image classification
10,MED,39882466,10.1016/j.heliyon.2025.e41802,2025,Bayesian deep learning applied to diabetic retinopathy with uncertainty quantification.,Heliyon,Y,Y,PMC11774831,full-text,title fits: DR/retinal image classification
11,MED,41168219,10.1038/s41598-025-21337-3,2025,DRCNN-Lesion Proxy: a hybrid CNN with lesion-inspired feature simulation for diabetic retinopathy severity classification.,Sci Rep,Y,Y,PMC12575606,full-text,title fits: DR/retinal image classification
12,MED,40082685,10.1038/s41598-025-93376-9,2025,A multi model deep net with an explainable AI based framework for diabetic retinopathy segmentation and classification.,Sci Rep,Y,Y,PMC11906594,full-text,title fits: DR/retinal image classification
13,PPR,PPR1122375,10.21203/rs.3.rs-8070946/v1,2025,A SMOTEENN-Powered Stacked Ensemble with Transformer-Based Meta-Learner for Balanced Diabetic Retinopathy Grading,,N,N,,full-text,title fits: DR/retinal image classification
14,MED,41396341,10.1007/s10278-025-01774-2,2025,AttMamba: Integrating Dual-Attention and Vision Mamba for Diabetic Retinopathy Grading.,J Imaging Inform Med,N,N,,full-text,title fits: DR/retinal image classification
15,MED,40596233,10.1038/s41598-025-07561-x,2025,Transformer attention fusion for fine grained medical image classification.,Sci Rep,Y,Y,PMC12216456,full-text,title fits: DR/retinal image classification
16,MED,41153291,10.3390/diagnostics15202619,2025,Pixel-Attention W-Shaped Network for Joint Lesion Segmentation and Diabetic Retinopathy Severity Staging.,Diagnostics (Basel),Y,Y,PMC12563609,full-text,title fits: DR/retinal image classification
17,MED,41203681,10.1038/s41598-025-25399-1,2025,Task optimized vision transformer for diabetic retinopathy detection and classification in resource constrained early diagnosis settings.,Sci Rep,Y,Y,PMC12594895,full-text,title fits: DR/retinal image classification
18,MED,41492535,10.1016/j.mex.2025.103605,2025,Hybrid quantum-classical deep learning framework for balanced multiclass diabetic retinopathy classification.,MethodsX,Y,Y,PMC12765111,full-text,title fits: DR/retinal image classification
19,PMC,PMC12555487,,2025,Artificial Intelligence for Diabetic Retinopathy Screening: Performance of Deep Learning Models,Eur J Public Health,Y,Y,PMC12555487,full-text,title fits: DR/retinal image classification
20,MED,40436513,10.1016/j.medengphy.2025.104350,2025,Fundus image based diabetic retinopathy detection using EfficientNetB3 with squeeze and excitation block.,Med Eng Phys,N,N,,full-text,title fits: DR/retinal image classification
21,MED,39346742,10.3389/frobt.2024.1445565,2024,SwAV-driven diagnostics: new perspectives on grading diabetic retinopathy from retinal photography.,Front Robot AI,Y,Y,PMC11427755,full-text,title fits: DR/retinal image classification
22,MED,40259941,10.31661/jbpe.v0i0.2408-1811,2025,Innovative Approach for Diabetic Retinopathy Severity Classification: An AI-Powered Tool using CNN-Transformer Fusion.,J Biomed Phys Eng,Y,Y,PMC12009469,full-text,title fits: DR/retinal image classification
23,MED,40269112,10.1038/s41598-025-99228-w,2025,Optimizing diabetic retinopathy detection with electric fish algorithm and bilinear convolutional networks.,Sci Rep,Y,Y,PMC12019244,full-text,title fits: DR/retinal image classification
24,MED,41151189,10.1016/j.compmedimag.2025.102655,2025,A CNN-Transformer fusion network for Diabetic retinopathy image classification.,Comput Med Imaging Graph,N,N,,full-text,title fits: DR/retinal image classification
25,MED,40154203,10.1016/j.compbiomed.2025.110054,2025,Hybrid deep learning framework for diabetic retinopathy classification with optimized attention AlexNet.,Comput Biol Med,N,N,,full-text,title fits: DR/retinal image classification
26,MED,40871882,10.3390/s25165019,2025,RetinoDeep: Leveraging Deep Learning Models for Advanced Retinopathy Diagnostics.,Sensors (Basel),Y,Y,PMC12390166,full-text,title fits: DR/retinal image classification
27,MED,40670454,10.1038/s41598-025-07050-1,2025,Enhancing pathological feature discrimination in diabetic retinopathy multi-classification with self-paced progressive multi-scale training.,Sci Rep,Y,Y,PMC12267427,full-text,title fits: DR/retinal image classification
28,MED,39757295,10.1038/s41746-024-01424-x,2025,Efficiency and safety of automated label cleaning on multimodal retinal images.,NPJ Digit Med,Y,Y,PMC11701072,E3,label cleaning
29,MED,40863488,10.3390/jimaging11080278,2025,ODDM: Integration of SMOTE Tomek with Deep Learning on Imbalanced Color Fundus Images for Classification of Several Ocular Diseases.,J Imaging,Y,Y,PMC12387618,full-text,title fits: DR/retinal image classification
30,MED,40542189,10.1038/s41746-025-01772-2,2025,A multimodal visual-language foundation model for computational ophthalmology.,NPJ Digit Med,Y,Y,PMC12181238,full-text,title fits: DR/retinal image classification
31,MED,40151816,10.7717/peerj-cs.2756,2025,Activation function cyclically switchable convolutional neural network model.,PeerJ Comput Sci,Y,Y,PMC11948315,full-text,title fits: DR/retinal image classification
32,MED,39874303,10.1371/journal.pone.0318264,2025,Identification of diabetic retinopathy lesions in fundus images by integrating CNN and vision mamba models.,PLoS One,Y,Y,PMC11774367,E3,lesion identification
33,MED,39981059,10.1016/j.mex.2025.103185,2025,QuantumNet: An enhanced diabetic retinopathy detection model using classical deep learning-quantum transfer learning.,MethodsX,Y,Y,PMC11840206,full-text,title fits: DR/retinal image classification
34,MED,41008727,10.3390/diagnostics15182355,2025,A Multi-Model Image Enhancement and Tailored U-Net Architecture for Robust Diabetic Retinopathy Grading.,Diagnostics (Basel),Y,Y,PMC12468348,full-text,title fits: DR/retinal image classification
35,MED,39026925,10.18240/ijo.2024.07.03,2024,Diabetic retinopathy identification based on multi-source-free domain adaptation.,Int J Ophthalmol,N,Y,PMC11246935,full-text,title fits: DR/retinal image classification
36,MED,40415584,10.1111/jep.70126,2025,Optimised Hybrid Attention-Based Capsule Network Integrated Three-Pathway Network for Chronic Disease Detection in Retinal Images.,J Eval Clin Pract,N,N,,full-text,title fits: DR/retinal image classification
37,AGR,IND608908440,,2025,Bayesian deep learning applied to diabetic retinopathy with uncertainty quantification,Heliyon,N,N,,E7,duplicate of #10 (AGR copy)
38,MED,40670428,10.1038/s41598-025-07077-4,2025,GMS-JIGNet: guided multi-scale jigsaw puzzles for self-supervised artificial spot segmentation in fundus photography.,Sci Rep,Y,Y,PMC12267704,E3,spot segmentation
39,MED,41010353,10.3390/life15091411,2025,HIRD-Net: An Explainable CNN-Based Framework with Attention Mechanism for Diabetic Retinopathy Diagnosis Using CLAHE-D-DoG Enhanced Fundus Images.,Life (Basel),Y,Y,PMC12471856,full-text,title fits: DR/retinal image classification
40,MED,40048106,10.1007/s11517-025-03307-z,2025,Hybrid model of feature-driven modular neural network-based grasshopper optimization algorithm for diabetic retinopathy classification using fundus images.,Med Biol Eng Comput,N,N,,full-text,title fits: DR/retinal image classification
41,MED,39610484,10.1007/s40200-024-01497-1,2024,Deep learning based binary classification of diabetic retinopathy images using transfer learning approach.,J Diabetes Metab Disord,N,Y,PMC11599653,full-text,title fits: DR/retinal image classification
42,MED,40995078,10.3389/fmed.2025.1644456,2025,"Artificial intelligence in proliferative diabetic retinopathy: advancing diagnosis, precision surgery, and anti-VEGF therapy optimization.",Front Med (Lausanne),Y,Y,PMC12456084,E3,review/survey (no own experiments)
43,MED,37510133,10.3390/diagnostics13142389,2023,Supervised Contrastive Learning with Angular Margin for the Detection and Grading of Diabetic Retinopathy.,Diagnostics (Basel),Y,Y,PMC10378050,full-text,title fits: DR/retinal image classification
44,MED,40890231,10.1038/s41598-025-17158-z,2025,MAFNet: A novel adaptive multi-scale model for fine-grained grading of diabetic retinopathy.,Sci Rep,Y,Y,PMC12402473,full-text,title fits: DR/retinal image classification
45,MED,41449171,10.1038/s41598-025-32991-y,2025,Deep learning-based joint analysis of diabetic retinopathy and glaucoma in retinal fundus images.,Sci Rep,Y,Y,PMC12830750,full-text,title fits: DR/retinal image classification
46,MED,38987446,10.1038/s41598-024-67121-7,2024,Selection of pre-trained weights for transfer learning in automated cytomegalovirus retinitis classification.,Sci Rep,Y,Y,PMC11237151,E2,CMV retinitis
47,MED,37810367,10.7717/peerj-cs.1585,2023,An effective and comprehensible method to detect and evaluate retinal damage due to diabetes complications.,PeerJ Comput Sci,Y,Y,PMC10557496,full-text,title fits: DR/retinal image classification
48,PMC,PMC12555721,,2025,"Digital mental health promotion in Finland: who engages, what works, and how to improve impact",Eur J Public Health,Y,Y,PMC12555721,E2,mental health
49,MED,39348249,10.1109/jbhi.2024.3471807,2025,Parallel Multi-Path Network for Ocular Disease Detection Inspired by Visual Cognition Mechanism.,IEEE J Biomed Health Inform,N,N,,full-text,title fits: DR/retinal image classification
50,MED,40564165,10.3390/biomedicines13061446,2025,A Comparative Study of Lesion-Centered and Severity-Based Approaches to Diabetic Retinopathy Classification: Improving Interpretability and Performance.,Biomedicines,Y,Y,PMC12191321,full-text,title fits: DR/retinal image classification
51,MED,38131541,10.4103/ijo.ijo_1163_23,2024,Effect of simulated cataract on the accuracy of artificial intelligence in detecting diabetic retinopathy in color fundus photos.,Indian J Ophthalmol,Y,Y,PMC10833161,full-text,title fits: DR/retinal image classification
52,MED,40384679,10.21037/qims-24-1791,2025,The role of artificial intelligence in the diagnosis of diabetic retinopathy through retinal lesion features: a narrative review.,Quant Imaging Med Surg,Y,Y,PMC12082602,E3,review/survey (no own experiments)
53,MED,38469456,10.1007/s13755-024-00282-x,2024,Optimised deep k-nearest neighbour's based diabetic retinopathy diagnosis(ODeep-NN) using retinal images.,Health Inf Sci Syst,N,Y,PMC10924814,full-text,title fits: DR/retinal image classification
54,MED,41012898,10.3390/s25185658,2025,Comprehensive Review of Open-Source Fundus Image Databases for Diabetic Retinopathy Diagnosis.,Sensors (Basel),Y,Y,PMC12473202,E3,review/survey (no own experiments)
55,MED,41028406,10.1038/s41598-025-85685-w,2025,Multi scale self supervised learning for deep knowledge transfer in diabetic retinopathy grading.,Sci Rep,Y,Y,PMC12485178,full-text,title fits: DR/retinal image classification
56,MED,40775922,10.3233/shti250904,2025,Sharper Detection: Enhanced Techniques for Diabetic Retinopathy Grading.,Stud Health Technol Inform,N,N,,full-text,title fits: DR/retinal image classification
57,MED,35845987,10.3389/fphys.2022.918929,2022,Multi-Model Domain Adaptation for Diabetic Retinopathy Classification.,Front Physiol,Y,Y,PMC9284280,full-text,title fits: DR/retinal image classification
58,MED,35979449,10.3389/fpubh.2022.925901,2022,Gray wolf optimization-extreme learning machine approach for diabetic retinopathy detection.,Front Public Health,Y,Y,PMC9376263,full-text,title fits: DR/retinal image classification
59,PPR,PPR1095483,10.1101/2025.10.01.25337115,2025,Explainable Deep Learning for Lesion-Level Detection of Diabetic Retinopathy: A Segmentation Approach Using Fundus Images Graded as Mild-to-Moderate Nonproliferative Diabetic Retinopathy,,N,N,,E3,lesion segmentation
60,MED,38684593,10.1007/s11517-024-03105-z,2024,Recognition of diabetic retinopathy and macular edema using deep learning.,Med Biol Eng Comput,N,N,,full-text,title fits: DR/retinal image classification
61,PMC,PMC12556045,,2025,Youth Wellbeing in Digital Space: Analyzing Mental Health Representations Through Minecraft Building,Eur J Public Health,Y,Y,PMC12556045,E2,mental health
62,MED,40601203,10.1007/s40123-025-01191-2,2025,Selecting the Right AI Algorithm for the Job: A Guide for Navigating the AI Jungle in Ophthalmology.,Ophthalmol Ther,Y,Y,PMC12270989,E3,review/survey (no own experiments)
63,MED,41301187,10.3390/bioengineering12111231,2025,A Study on the Interpretability of Diabetic Retinopathy Diagnostic Models.,Bioengineering (Basel),Y,Y,PMC12649958,full-text,title fits: DR/retinal image classification
64,MED,37724288,10.18240/ijo.2023.09.05,2023,Research progress in artificial intelligence assisted diabetic retinopathy diagnosis.,Int J Ophthalmol,N,Y,PMC10475636,E3,review/survey (no own experiments)
65,MED,38277925,10.1016/j.compbiomed.2024.107993,2024,CRA-Net: Transformer guided category-relation attention network for diabetic retinopathy grading.,Comput Biol Med,N,N,,full-text,title fits: DR/retinal image classification
66,MED,38631117,10.1016/j.compbiomed.2024.108428,2024,Computer aided diagnosis of diabetic retinopathy based on multi-view joint learning.,Comput Biol Med,N,N,,full-text,title fits: DR/retinal image classification
67,MED,38694880,10.3389/frai.2024.1396160,2024,Smart grading of diabetic retinopathy: an intelligent recommendation-based fine-tuned EfficientNetB0 framework.,Front Artif Intell,Y,Y,PMC11062181,full-text,title fits: DR/retinal image classification
68,MED,40161460,10.1016/j.xops.2025.100707,2025,How Foundational Is the Retina Foundation Model? Estimating RETFound's Label Efficiency on Binary Classification of Normal versus Abnormal OCT Images.,Ophthalmol Sci,Y,Y,PMC11950740,E2,OCT only
69,MED,41062523,10.1038/s41598-025-18742-z,2025,Multi-task deep learning framework combining CNN: vision transformers and PSO for accurate diabetic retinopathy diagnosis and lesion localization.,Sci Rep,Y,Y,PMC12508046,full-text,title fits: DR/retinal image classification
70,MED,40706624,10.1088/2057-1976/adf3b5,2025,Frequency-spatial feature fusion via a hierarchical framework for diabetic retinopathy classification in low-quality fundus images.,Biomed Phys Eng Express,N,N,,full-text,title fits: DR/retinal image classification
71,MED,38633420,10.1016/j.mex.2024.102705,2024,Diabetic retinopathy detection using Bilayered Neural Network classification model with resubstitution validation.,MethodsX,Y,Y,PMC11022088,full-text,title fits: DR/retinal image classification
72,MED,38461342,10.1038/s41598-024-56389-4,2024,A graph convolutional network with dynamic weight fusion of multi-scale local features for diabetic retinopathy grading.,Sci Rep,Y,Y,PMC10924962,full-text,title fits: DR/retinal image classification
73,MED,38271723,10.1088/1361-6560/ad22a1,2024,UC-stack: a deep learning computer automatic detection system for diabetic retinopathy classification.,Phys Med Biol,N,N,,full-text,title fits: DR/retinal image classification
74,MED,40307328,10.1038/s41598-025-99309-w,2025,A hybrid deep learning framework for early detection of diabetic retinopathy using retinal fundus images.,Sci Rep,Y,Y,PMC12043946,full-text,title fits: DR/retinal image classification
75,MED,39835306,10.3389/fpubh.2024.1442114,2024,Lesion classification and diabetic retinopathy grading by integrating softmax and pooling operators into vision transformer.,Front Public Health,Y,Y,PMC11743363,full-text,title fits: DR/retinal image classification
76,MED,39867796,10.12669/pjms.41.1.9171,2025,Research on grading detection methods for diabetic retinopathy based on deep learning.,Pak J Med Sci,Y,Y,PMC11755306,full-text,title fits: DR/retinal image classification
77,MED,40863489,10.3390/jimaging11080279,2025,Fundus Image-Based Eye Disease Detection Using EfficientNetB3 Architecture.,J Imaging,Y,Y,PMC12387119,full-text,title fits: DR/retinal image classification
78,MED,41349528,10.1016/j.xcrm.2025.102476,2025,An integrated language-vision foundation model for conversational diagnostics and triaging in primary eye care.,Cell Rep Med,Y,Y,PMC12765825,E2,"primary eye care, own data"
79,MED,39202252,10.3390/diagnostics14161765,2024,Evaluation of Systemic Risk Factors in Patients with Diabetes Mellitus for Detecting Diabetic Retinopathy with Random Forest Classification Model.,Diagnostics (Basel),Y,Y,PMC11353512,E2,tabular risk factors
80,MED,40588035,10.1016/j.slast.2025.100325,2025,Leveraging FastViT based knowledge distillation with EfficientNet-B0 for diabetic retinopathy severity classification.,SLAS Technol,N,N,,full-text,title fits: DR/retinal image classification
81,PPR,PPR690471,10.21203/rs.3.rs-3120228/v1,2023,Enhancing Eye Diseases Diagnosis through Transfer Learning: Study of Deep Convolutional Neural Networks for Accurate Classification of Glaucoma and Diabetic Retinopathy from Healthy Eye Using Fundus Images,,N,N,,full-text,title fits: DR/retinal image classification
82,MED,40020421,10.1016/j.media.2025.103511,2025,MSTNet: Multi-scale spatial-aware transformer with multi-instance learning for diabetic retinopathy classification.,Med Image Anal,N,N,,full-text,title fits: DR/retinal image classification
83,MED,40592857,10.1038/s41467-025-60577-9,2025,Enhancing diagnostic accuracy in rare and common fundus diseases with a knowledge-rich vision-language model.,Nat Commun,Y,Y,PMC12214743,full-text,title fits: DR/retinal image classification
84,MED,36010325,10.3390/diagnostics12081975,2022,Automated Diabetic Retinopathy Detection Using Horizontal and Vertical Patch Division-Based Pre-Trained DenseNET with Digital Fundus Images.,Diagnostics (Basel),Y,Y,PMC9406859,full-text,title fits: DR/retinal image classification
85,MED,37627904,10.3390/diagnostics13162645,2023,DR-NASNet: Automated System to Detect and Classify Diabetic Retinopathy Severity Using Improved Pretrained NASNet Model.,Diagnostics (Basel),Y,Y,PMC10453689,full-text,title fits: DR/retinal image classification
86,MED,41339440,10.1038/s41598-025-30128-9,2025,HyperGraph-based capsule temporal memory network for efficient and explainable diabetic retinopathy detection in retinal imaging.,Sci Rep,Y,Y,PMC12775537,full-text,title fits: DR/retinal image classification
87,MED,41584223,10.3389/frai.2025.1716706,2025,Multimodal graph neural networks in healthcare: a review of fusion strategies across biomedical domains.,Front Artif Intell,Y,Y,PMC12827511,E3,review/survey (no own experiments)
88,MED,40725843,10.3390/jcm14145150,2025,The Role of Artificial Intelligence in the Diagnosis and Management of Diabetic Retinopathy.,J Clin Med,Y,Y,PMC12296123,E3,review/survey (no own experiments)
89,MED,37704728,10.1038/s41586-023-06555-x,2023,A foundation model for generalizable disease detection from retinal images.,Nature,Y,Y,PMC10550819,full-text,title fits: DR/retinal image classification
90,MED,38223039,10.21037/qims-23-567,2024,A difficulty-aware and task-augmentation method based on meta-learning model for few-shot diabetic retinopathy classification.,Quant Imaging Med Surg,Y,Y,PMC10784049,full-text,title fits: DR/retinal image classification
91,MED,35545738,10.1007/s11517-022-02564-6,2022,A computer-aided diagnosis system for detecting various diabetic retinopathy grades based on a hybrid deep learning technique.,Med Biol Eng Comput,Y,Y,PMC9225981,full-text,title fits: DR/retinal image classification
92,MED,41093956,10.1038/s41598-025-89262-z,2025,A novel approach for the segmentation of retinal images by integration K-means clustering algorithm with graph cut for image segmentation.,Sci Rep,Y,Y,PMC12528709,E3,vessel segmentation
93,MED,41354757,10.1038/s41598-025-28376-w,2025,Intelligent retinal disease detection using deep learning.,Sci Rep,Y,Y,PMC12686508,full-text,title fits: DR/retinal image classification
94,MED,41310584,10.1186/s12911-025-03253-8,2025,Eye-XAI: an explainable artificial intelligence approach for eye disease detection using symptom analysis.,BMC Med Inform Decis Mak,Y,Y,PMC12659348,E2,symptom data
95,MED,39833312,10.1038/s41598-025-85752-2,2025,Visual impairment prevention by early detection of diabetic retinopathy based on stacked auto-encoder.,Sci Rep,Y,Y,PMC11747016,full-text,title fits: DR/retinal image classification
96,MED,35569335,10.1016/j.compbiomed.2022.105602,2022,Applying supervised contrastive learning for the detection of diabetic retinopathy and its severity levels from fundus images.,Comput Biol Med,N,N,,full-text,title fits: DR/retinal image classification
97,MED,40089972,10.1002/mp.17753,2025,Decentralized learning for medical image classification with prototypical contrastive network.,Med Phys,N,N,,full-text,title fits: DR/retinal image classification
98,MED,36805216,10.1016/j.compbiomed.2023.106631,2023,Triple-DRNet: A triple-cascade convolution neural network for diabetic retinopathy grading using fundus images.,Comput Biol Med,N,N,,full-text,title fits: DR/retinal image classification
99,MED,38379789,10.1016/j.xinn.2024.100575,2024,A novel clinical artificial intelligence model for disease detection via retinal imaging.,Innovation (Camb),Y,Y,PMC10876903,full-text,title fits: DR/retinal image classification
100,MED,39973787,10.1177/08953996241311190,2025,DR-ConvNeXt: DR classification method for reconstructing ConvNeXt model structure.,J Xray Sci Technol,N,N,,full-text,title fits: DR/retinal image classification
101,MED,41044095,10.1038/s41598-025-06973-z,2025,Diagnostics of diabetic retinopathy based on fundus photos using machine learning methods with advanced feature engineering algorithms.,Sci Rep,Y,Y,PMC12494769,full-text,title fits: DR/retinal image classification
102,MED,38032322,10.1167/tvst.12.11.38,2023,"Development of LuxIA, a Cloud-Based AI Diabetic Retinopathy Screening Tool Using a Single Color Fundus Image.",Transl Vis Sci Technol,Y,Y,PMC10691390,full-text,title fits: DR/retinal image classification
103,MED,35388319,10.1155/2022/4246239,2022,Augmentation-Consistent Clustering Network for Diabetic Retinopathy Grading with Fewer Annotations.,J Healthc Eng,Y,Y,PMC8979701,full-text,title fits: DR/retinal image classification
104,MED,36832262,10.3390/diagnostics13040774,2023,A Regression-Based Approach to Diabetic Retinopathy Diagnosis Using Efficientnet.,Diagnostics (Basel),Y,Y,PMC9955015,full-text,title fits: DR/retinal image classification
105,MED,36973632,10.1007/s10278-023-00813-0,2023,Diabetic Retinopathy Prediction Based on Wavelet Decomposition and Modified Capsule Network.,J Digit Imaging,N,Y,PMC10406759,full-text,title fits: DR/retinal image classification
106,MED,41268107,10.1007/s44258-025-00066-2,2025,Optical strategies for in vivo retinal ganglion cell imaging.,Med X,Y,Y,PMC12628489,E2,optics
107,MED,41047684,10.2174/0115734056400866250923175325,2025,Federated Deep Learning Approaches for Detecting Ocular Diseases in Medical Imaging: A Systematic Review.,Curr Med Imaging,Y,Y,PMC13126304,E3,review/survey (no own experiments)
108,MED,35233182,10.1007/s11042-022-12103-y,2022,Optimized hybrid machine learning approach for smartphone based diabetic retinopathy detection.,Multimed Tools Appl,Y,Y,PMC8876080,full-text,title fits: DR/retinal image classification
109,PMC,PMC12544821,,2025,OR33-04 A Simple Mobile Artificial Intelligence Retina Tracker (SMART) Powered by Efficient Deep Learning Models for Diagnosis and Prognosis of Diabetic Retinopathy,J Endocr Soc,Y,Y,PMC12544821,full-text,title fits: DR/retinal image classification
110,MED,40748964,10.1371/journal.pone.0327743,2025,A comparative study of machine learning models for automated detection and classification of retinal diseases in Ghana.,PLoS One,Y,Y,PMC12316318,full-text,title fits: DR/retinal image classification
111,MED,39504782,10.1016/j.compbiomed.2024.109352,2024,Multi-lesion segmentation guided deep attention network for automated detection of diabetic retinopathy.,Comput Biol Med,N,N,,full-text,title fits: DR/retinal image classification
112,MED,37449186,10.1016/j.heliyon.2023.e17217,2023,Fine-grained attention & knowledge-based collaborative network for diabetic retinopathy grading.,Heliyon,Y,Y,PMC10336422,full-text,title fits: DR/retinal image classification
113,MED,36766498,10.3390/diagnostics13030393,2023,A Prospective Study on Diabetic Retinopathy Detection Based on Modify Convolutional Neural Network Using Fundus Images at Sindh Institute of Ophthalmology & Visual Sciences.,Diagnostics (Basel),Y,Y,PMC9914220,E2,own prospective data
114,MED,38699206,10.7717/peerj-cs.1947,2024,A systematic review on diabetic retinopathy detection and classification based on deep learning techniques using fundus images.,PeerJ Comput Sci,Y,Y,PMC11065411,E3,review/survey (no own experiments)
115,MED,33110484,10.1155/2020/8840174,2020,Hybrid Model Structure for Diabetic Retinopathy Classification.,J Healthc Eng,Y,Y,PMC7579670,full-text,title fits: DR/retinal image classification
116,MED,37698681,10.1007/s00432-023-05223-x,2023,SMiT: symmetric mask transformer for disease severity detection.,J Cancer Res Clin Oncol,N,Y,PMC11797088,full-text,title fits: DR/retinal image classification
117,MED,40354306,10.1371/journal.pdig.0000831,2025,An inherently interpretable AI model improves screening speed and accuracy for early diabetic retinopathy.,PLOS Digit Health,Y,Y,PMC12068651,E7,same paper as logged Sparse BagNet (already excluded E2)
118,MED,32569310,10.1371/journal.pone.0233514,2020,A convolutional neural network for the screening and staging of diabetic retinopathy.,PLoS One,Y,Y,PMC7307769,full-text,title fits: DR/retinal image classification
119,MED,40132187,10.2196/59094,2025,"Disease Prediction Using Machine Learning on Smartphone-Based Eye, Skin, and Voice Data: Scoping Review.",JMIR AI,Y,Y,PMC11979540,E3,review/survey (no own experiments)
120,MED,37218773,10.3390/biomimetics8020187,2023,Data Diversity in Convolutional Neural Network Based Ensemble Model for Diabetic Retinopathy.,Biomimetics (Basel),Y,Y,PMC10204421,full-text,title fits: DR/retinal image classification
121,MED,39314692,10.7717/peerj-cs.2135,2024,Detection and diagnosis of diabetic eye diseases using two phase transfer learning approach.,PeerJ Comput Sci,Y,Y,PMC11419640,full-text,title fits: DR/retinal image classification
122,MED,37525827,10.1007/978-3-031-19803-8_39,2022,<i>k</i>-SALSA: <i>k</i>-anonymous synthetic averaging of retinal images via local style alignment.,Comput Vis ECCV,N,Y,PMC10388376,E3,image synthesis/privacy
123,PPR,PPR550421,10.1101/2022.09.23.22280273,2022,Combining Transfer Learning with Retinal Lesions Features for Accurate Detection of Diabetic Retinopathy,,N,N,,E7,preprint of #132
124,MED,38239623,10.3389/fmed.2023.1293019,2023,A hybrid neural network approach for classifying diabetic retinopathy subtypes.,Front Med (Lausanne),Y,Y,PMC10794511,full-text,title fits: DR/retinal image classification
125,MED,40613078,10.3389/fdgth.2025.1547045,2025,"Improving diabetic retinopathy screening using artificial intelligence: design, evaluation and before-and-after study of a custom development.",Front Digit Health,Y,Y,PMC12222278,E2,own clinical data
126,MED,39896369,10.7717/peerj-cs.2508,2024,FedDL: personalized federated deep learning for enhanced detection and classification of diabetic retinopathy.,PeerJ Comput Sci,Y,Y,PMC11784742,full-text,title fits: DR/retinal image classification
127,MED,39237836,10.1007/s10278-024-01243-2,2025,Detection of Diabetic Retinopathy Using Discrete Wavelet-Based Center-Symmetric Local Binary Pattern and Statistical Features.,J Imaging Inform Med,N,Y,PMC11950458,full-text,title fits: DR/retinal image classification
128,MED,39264388,10.1007/s10916-024-02105-8,2024,Comparison of Vision Transformers and Convolutional Neural Networks in Medical Image Analysis: A Systematic Review.,J Med Syst,Y,Y,PMC11393140,E3,review/survey (no own experiments)
129,MED,38217630,10.3233/xst-230252,2024,An adaptive weighted ensemble learning network for diabetic retinopathy classification.,J Xray Sci Technol,N,N,,full-text,title fits: DR/retinal image classification
130,MED,41254215,10.1038/s41746-025-02042-x,2025,Large language models driven neural architecture search for universal and lightweight disease diagnosis on histopathology slide images.,NPJ Digit Med,Y,Y,PMC12627663,E2,histopathology
131,MED,34450729,10.3390/s21165283,2021,Detection of Diabetic Eye Disease from Retinal Images Using a Deep Learning Based CenterNet Model.,Sensors (Basel),Y,Y,PMC8398326,full-text,title fits: DR/retinal image classification
132,MED,36425113,10.3389/fmed.2022.1050436,2022,Combining transfer learning with retinal lesion features for accurate detection of diabetic retinopathy.,Front Med (Lausanne),Y,Y,PMC9681494,full-text,title fits: DR/retinal image classification
133,MED,38165976,10.1371/journal.pone.0295951,2024,Improved Support Vector Machine based on CNN-SVD for vision-threatening diabetic retinopathy detection and classification.,PLoS One,Y,Y,PMC10760665,full-text,title fits: DR/retinal image classification
134,MED,36766451,10.3390/diagnostics13030345,2023,A Survey on Deep-Learning-Based Diabetic Retinopathy Classification.,Diagnostics (Basel),Y,Y,PMC9914068,E3,review/survey (no own experiments)
135,MED,37011026,10.1177/09622802231158811,2023,Role of calibration in uncertainty-based referral for deep learning.,Stat Methods Med Res,N,Y,PMC10387358,full-text,title fits: DR/retinal image classification
136,MED,40538414,10.1016/j.gloepi.2025.100209,2025,Artificial intelligence for advancing eye care in resource-poor settings: Assessing the predictive accuracy of an AI-model for diabetic retinopathy screening in India.,Glob Epidemiol,Y,Y,PMC12177155,E2,own real-world data
137,MED,38701591,10.1016/j.compbiomed.2024.108523,2024,Diabetic retinopathy prediction based on vision transformer and modified capsule network.,Comput Biol Med,N,N,,full-text,title fits: DR/retinal image classification
138,MED,35789785,10.1007/s00530-022-00960-4,2022,A survey on the interpretability of deep learning in medical diagnosis.,Multimed Syst,Y,Y,PMC9243744,E3,review/survey (no own experiments)
139,MED,38768222,10.1371/journal.pone.0303094,2024,A novel fusion of genetic grey wolf optimization and kernel extreme learning machines for precise diabetic eye disease classification.,PLoS One,Y,Y,PMC11147523,full-text,title fits: DR/retinal image classification
140,PPR,PPR819702,10.20944/preprints202403.0092.v1,2024,A Deep Learning Model for Detecting the Diabetic Retinopathy Stages with Discrete Wavelet Transform,,N,N,,full-text,title fits: DR/retinal image classification
141,MED,35368918,10.1155/2022/9585344,2022,Attentional Mechanisms and Improved Residual Networks for Diabetic Retinopathy Severity Classification.,J Healthc Eng,Y,Y,PMC8970848,full-text,title fits: DR/retinal image classification
142,MED,38693205,10.1038/s41746-024-01109-5,2024,RETFound-enhanced community-based fundus disease screening: real-world evidence and decision curve analysis.,NPJ Digit Med,Y,Y,PMC11063045,full-text,title fits: DR/retinal image classification
143,MED,38373067,10.1080/07391102.2024.2314269,2025,A novel deep learning model for diabetic retinopathy detection in retinal fundus images using pre-trained CNN and HWBLSTM.,J Biomol Struct Dyn,N,N,,full-text,title fits: DR/retinal image classification
144,MED,36862308,10.1007/s40123-023-00691-3,2023,Artificial Intelligence for Diabetic Retinopathy Screening Using Color Retinal Photographs: From Development to Deployment.,Ophthalmol Ther,Y,Y,PMC10164194,E3,review/survey (no own experiments)
145,MED,39682587,10.3390/diagnostics14232679,2024,CAD-EYE: An Automated System for Multi-Eye Disease Classification Using Feature Fusion with Deep Learning Models and Fluorescence Imaging for Enhanced Interpretability.,Diagnostics (Basel),Y,Y,PMC11640371,full-text,title fits: DR/retinal image classification
146,MED,38385547,10.4149/bll_2024_24,2024,An optimized framework for prediagnosis of diabetic retinopathy using HHO-CBL model.,Bratisl Lek Listy,N,N,,full-text,title fits: DR/retinal image classification
147,MED,33018388,10.1109/embc44109.2020.9175664,2020,Explainable Diabetic Retinopathy using EfficientNET<sup>.</sup>,Annu Int Conf IEEE Eng Med Biol Soc,N,N,,full-text,title fits: DR/retinal image classification
148,MED,40171193,10.3389/fendo.2025.1485311,2025,Deep learning-based optical coherence tomography and retinal images for detection of diabetic retinopathy: a systematic and meta analysis.,Front Endocrinol (Lausanne),Y,Y,PMC11958191,E3,review/survey (no own experiments)
149,MED,39953248,10.1038/s41598-025-90048-6,2025,"Diabetic retinopathy detection via exudates and hemorrhages segmentation using iterative NICK thresholding, watershed, and Chi&lt;sup&gt;2&lt;/sup&gt; feature ranking.",Sci Rep,Y,Y,PMC11829032,full-text,title fits: DR/retinal image classification
150,MED,34488028,10.1016/j.compbiomed.2021.104795,2021,Simple methods for the lesion detection and severity grading of diabetic retinopathy by image processing and transfer learning.,Comput Biol Med,N,N,,full-text,title fits: DR/retinal image classification
151,MED,37660096,10.1038/s41598-023-41797-9,2023,Deploying efficient net batch normalizations (BNs) for grading diabetic retinopathy severity levels from fundus images.,Sci Rep,Y,Y,PMC10475020,full-text,title fits: DR/retinal image classification
152,MED,37296756,10.3390/diagnostics13111904,2023,Counteracting Data Bias and Class Imbalance-Towards a Useful and Reliable Retinal Disease Recognition System.,Diagnostics (Basel),Y,Y,PMC10253060,full-text,title fits: DR/retinal image classification
153,MED,40234063,10.1136/bmjophth-2024-002037,2025,Detection of diabetic macular oedema patterns with fine-grained image categorisation on optical coherence tomography.,BMJ Open Ophthalmol,Y,Y,PMC12004464,E2,OCT
154,MED,36417405,10.1371/journal.pone.0278126,2022,MTNet: A combined diagnosis algorithm of vessel segmentation and diabetic retinopathy for retinal images.,PLoS One,Y,Y,PMC9683560,full-text,title fits: DR/retinal image classification
155,AGR,IND608208490,,2023,Fine-grained attention & knowledge-based collaborative network for diabetic retinopathy grading,Heliyon,N,N,,E7,duplicate of #112 (AGR copy)
156,MED,38674173,10.3390/medicina60040527,2024,Artificial Intelligence (AI) for Early Diagnosis of Retinal Diseases.,Medicina (Kaunas),Y,Y,PMC11052176,E3,review/survey (no own experiments)
157,MED,39462652,10.7507/1001-5515.202403016,2024,[Small-scale cross-layer fusion network for classification of diabetic retinopathy].,Sheng Wu Yi Xue Gong Cheng Xue Za Zhi,N,Y,PMC11527746,full-text,title fits: DR/retinal image classification
158,MED,35785142,10.1155/2022/3571364,2022,Early Diagnosis of Retinal Blood Vessel Damage via Deep Learning-Powered Collective Intelligence Models.,Comput Math Methods Med,Y,Y,PMC9246601,full-text,title fits: DR/retinal image classification
159,MED,36553091,10.3390/diagnostics12123084,2022,A Deep Learning Based Approach for Grading of Diabetic Retinopathy Using Large Fundus Image Dataset.,Diagnostics (Basel),Y,Y,PMC9777432,full-text,title fits: DR/retinal image classification
160,AGR,IND608370892,,2023,SMiT: symmetric mask transformer for disease severity detection,J Cancer Res Clin Oncol,N,N,,E7,duplicate of #116 (AGR copy)
161,PPR,PPR311045,,2021,Stabilized Medical Image Attacks,,Y,Y,,E3,adversarial attacks
162,MED,34460801,10.3390/jimaging7090165,2021,Automated Detection and Diagnosis of Diabetic Retinopathy: A Comprehensive Survey.,J Imaging,Y,Y,PMC8468161,E3,review/survey (no own experiments)
163,MED,32613029,10.1117/1.jmi.7.3.034501,2020,Hybrid machine learning architecture for automated detection and grading of retinal images for diabetic retinopathy.,J Med Imaging (Bellingham),N,Y,PMC7309178,full-text,title fits: DR/retinal image classification
164,MED,40234707,10.1038/s41598-025-97686-w,2025,Quantum chimp-enanced SqueezeNet for precise diabetic retinopathy classification.,Sci Rep,Y,Y,PMC12000545,full-text,title fits: DR/retinal image classification
165,MED,35054301,10.3390/diagnostics12010134,2022,Review of Machine Learning Applications Using Retinal Fundus Images.,Diagnostics (Basel),Y,Y,PMC8774893,E3,review/survey (no own experiments)
166,MED,39296185,10.1016/j.heliyon.2024.e37293,2024,MobileNet-V2 /IFHO model for Accurate Detection of early-stage diabetic retinopathy.,Heliyon,Y,Y,PMC11409123,full-text,title fits: DR/retinal image classification
167,MED,38826575,10.12688/f1000research.122288.2,2023,Artificial intelligence based glaucoma and diabetic retinopathy detection using MATLAB - retrained AlexNet convolutional neural network.,F1000Res,Y,Y,PMC11143403,full-text,title fits: DR/retinal image classification
168,MED,40216912,10.1038/s41746-025-01588-0,2025,Vision transformer based interpretable metabolic syndrome classification using retinal Images.,NPJ Digit Med,Y,Y,PMC11992118,E2,metabolic syndrome
169,MED,37045856,10.1038/s41598-023-32518-3,2023,An interpretable and interactive deep learning algorithm for a clinically applicable retinal fundus diagnosis system by modelling finding-disease relationship.,Sci Rep,Y,Y,PMC10097752,full-text,title fits: DR/retinal image classification
170,MED,38585179,10.1016/j.mex.2024.102686,2024,Topology Regulated Background Extraction (TRBE) method for eye fundus images.,MethodsX,Y,Y,PMC10995967,E3,background extraction
171,MED,39297809,10.1167/tvst.13.9.22,2024,A Meta-Learning Approach for Classifying Multimodal Retinal Images of Retinal Vein Occlusion With Limited Data.,Transl Vis Sci Technol,Y,Y,PMC11421671,E2,RVO
172,MED,37103235,10.3390/jimaging9040084,2023,Retinal Disease Detection Using Deep Learning Techniques: A Comprehensive Review.,J Imaging,Y,Y,PMC10145952,E3,review/survey (no own experiments)
173,MED,35946866,10.1002/acm2.13746,2022,Semi-supervised classification of fundus images combined with CNN and GCN.,J Appl Clin Med Phys,Y,Y,PMC9797168,full-text,title fits: DR/retinal image classification
174,MED,37176706,10.3390/jcm12093266,2023,Deceptive Tricks in Artificial Intelligence: Adversarial Attacks in Ophthalmology.,J Clin Med,Y,Y,PMC10179065,E3,review/survey (no own experiments)
175,MED,39444398,10.1016/j.heliyon.2024.e38910,2024,MIDC: Medical image dataset cleaning framework based on deep learning.,Heliyon,Y,Y,PMC11497395,E3,dataset cleaning
176,MED,37106599,10.3390/bioengineering10040413,2023,Automated Diagnosis of Diabetic Retinopathy Using Deep Learning: On the Search of Segmented Retinal Blood Vessel Images for Better Performance.,Bioengineering (Basel),Y,Y,PMC10136337,full-text,title fits: DR/retinal image classification
177,MED,37484865,10.3389/fbinf.2023.1194993,2023,Translating theory into practice: assessing the privacy implications of concept-based explanations for biomedical AI.,Front Bioinform,Y,Y,PMC10356902,E3,privacy analysis
178,MED,36322995,10.1088/1361-6560/ac9fa0,2022,CoT-XNet: contextual transformer with Xception network for diabetic retinopathy grading.,Phys Med Biol,N,N,,full-text,title fits: DR/retinal image classification
179,MED,37667028,10.1038/s41433-023-02717-3,2024,Image quality assessment of retinal fundus photographs for diabetic retinopathy in the machine learning era: a review.,Eye (Lond),N,Y,PMC10858054,E3,review/survey (no own experiments)
180,PPR,PPR616363,10.20944/preprints202302.0218.v1,2023,"Enhancement of Diabetic Retinopathy Prognostication Utilizing Deep Learning, CLAHE, and ESRGAN",,N,N,,full-text,title fits: DR/retinal image classification
181,MED,36467440,10.1007/s11042-022-14165-4,2022,Detection of Diabetic Retinopathy using Convolutional Neural Networks for Feature Extraction and Classification (DRFEC).,Multimed Tools Appl,Y,Y,PMC9708148,full-text,title fits: DR/retinal image classification
182,MED,36516580,10.1016/j.compbiomed.2022.106408,2023,Category weighted network and relation weighted label for diabetic retinopathy screening.,Comput Biol Med,N,N,,full-text,title fits: DR/retinal image classification
183,MED,36185322,10.1007/s11042-022-13841-9,2023,Recent developments on computer aided systems for diagnosis of diabetic retinopathy: a review.,Multimed Tools Appl,Y,Y,PMC9510498,E3,review/survey (no own experiments)
184,MED,36274090,10.1007/s11517-022-02688-9,2022,An automated unsupervised deep learning-based approach for diabetic retinopathy detection.,Med Biol Eng Comput,N,N,,full-text,title fits: DR/retinal image classification
185,MED,39323686,10.7759/cureus.67844,2024,Artificial Intelligence (AI)-Enhanced Detection of Diabetic Retinopathy From Fundus Images: The Current Landscape and Future Directions.,Cureus,Y,Y,PMC11424092,E3,review/survey (no own experiments)
186,MED,35885512,10.3390/diagnostics12071607,2022,Diabetic Retinopathy Detection from Fundus Images of the Eye Using Hybrid Deep Learning Features.,Diagnostics (Basel),Y,Y,PMC9324358,full-text,title fits: DR/retinal image classification
187,MED,35342328,10.1007/s11042-022-12642-4,2022,A critical review on diagnosis of diabetic retinopathy using machine learning and deep learning.,Multimed Tools Appl,Y,Y,PMC8940593,E3,review/survey (no own experiments)
188,MED,38867787,10.1364/boe.516764,2024,Cross-modal attention network for retinal disease classification based on multi-modal images.,Biomed Opt Express,Y,Y,PMC11166426,full-text,title fits: DR/retinal image classification
189,MED,37203031,10.4103/ijo.ijo_2614_22,2023,Deep learning-based detection of diabetic macular edema using optical coherence tomography and fundus images: A meta-analysis.,Indian J Ophthalmol,Y,Y,PMC10391382,E3,review/survey (no own experiments)
190,MED,37056999,10.3389/fcell.2023.1168327,2023,Research progress on diagnosing retinal vascular diseases based on artificial intelligence and fundus images.,Front Cell Dev Biol,Y,Y,PMC10086262,E3,review/survey (no own experiments)
191,MED,38131040,10.3389/fmed.2023.1309795,2023,Neighbored-attention U-net (NAU-net) for diabetic retinopathy image segmentation.,Front Med (Lausanne),Y,Y,PMC10733532,E3,lesion segmentation
192,MED,39524903,10.1016/j.heliyon.2024.e39329,2024,Research trends and hotspots in fundus image segmentation from 2007 to 2023: A bibliometric analysis.,Heliyon,Y,Y,PMC11544040,E3,review/survey (no own experiments)
193,MED,38535005,10.3390/diagnostics14060584,2024,Joint Expedition: Exploring Clinical Medical Imaging and Artificial Intelligence as a Team Integration.,Diagnostics (Basel),Y,Y,PMC10968886,E3,review/survey (no own experiments)
194,MED,36080898,10.3390/s22176441,2022,A New Approach for Detecting Fundus Lesions Using Image Processing and Deep Neural Network Architecture Based on YOLO Model.,Sensors (Basel),Y,Y,PMC9460625,E3,lesion detection
195,MED,40263170,10.1007/s00417-025-06830-9,2025,"Applications of generative adversarial networks in the diagnosis, prognosis, and treatment of ophthalmic diseases.",Graefes Arch Clin Exp Ophthalmol,Y,Y,PMC12414077,E3,review/survey (no own experiments)
196,MED,36146130,10.3390/s22186780,2022,"Deep Learning for Diabetic Retinopathy Analysis: A Review, Research Challenges, and Future Directions.",Sensors (Basel),Y,Y,PMC9505428,E3,review/survey (no own experiments)
197,MED,37371661,10.3390/biomedicines11061566,2023,"A Computer-Aided Diagnostic System to Identify Diabetic Retinopathy, Utilizing a Modified Compact Convolutional Transformer and Low-Resolution Images to Reduce Computation Time.",Biomedicines,Y,Y,PMC10295551,full-text,title fits: DR/retinal image classification
198,PPR,PPR355879,10.21203/rs.3.rs-609899/v1,2021,EfficientNetB3 Architecture for Diabetic Retinopathy Assessment using  Fundus Images,,N,N,,full-text,title fits: DR/retinal image classification
199,MED,38983555,10.3389/fopht.2022.898181,2022,Ophthalmology and Artificial Intelligence: Present or Future? A Diabetic Retinopathy Screening Perspective of the Pursuit for Fairness.,Front Ophthalmol (Lausanne),Y,Y,PMC11182262,E3,review/survey (no own experiments)
200,MED,39934192,10.1038/s41598-024-84922-y,2025,Multiple model visual feature embedding and selection method for an efficient oncular disease classification.,Sci Rep,Y,Y,PMC11814330,full-text,title fits: DR/retinal image classification
201,MED,37685321,10.3390/diagnostics13172783,2023,Hybrid Methods for Fundus Image Analysis for Diagnosis of Diabetic Retinopathy Development Stages Based on Fusion Features.,Diagnostics (Basel),Y,Y,PMC10486790,full-text,title fits: DR/retinal image classification
202,MED,37953270,10.1186/s12886-023-03203-w,2023,Retinal layers changes in patients with age-related macular degeneration treated with intravitreal anti-VEGF agents.,BMC Ophthalmol,Y,Y,PMC10642061,E2,AMD
203,MED,34995039,10.1097/cm9.0000000000001816,2021,Artificial intelligence for diabetic retinopathy.,Chin Med J (Engl),Y,Y,PMC8812665,E3,review/survey (no own experiments)
204,MED,37240693,10.3390/jcm12103587,2023,"A Global Review of Publicly Available Datasets Containing Fundus Images: Characteristics, Barriers to Access, Usability, and Generalizability.",J Clin Med,Y,Y,PMC10219065,E3,review/survey (no own experiments)
205,MED,35085334,10.1371/journal.pone.0262838,2022,Deep learning model calibration for improving performance in class-imbalanced medical image classification tasks.,PLoS One,Y,Y,PMC8794113,full-text,title fits: DR/retinal image classification
206,MED,35755875,10.1016/j.patter.2022.100512,2022,DeepDRiD: Diabetic Retinopathy-Grading and Image Quality Estimation Challenge.,Patterns (N Y),Y,Y,PMC9214346,E2,DeepDRiD challenge data
207,MED,37862328,10.1371/journal.pone.0289555,2023,Predicting of diabetic retinopathy development stages of fundus images using deep learning based on combined features.,PLoS One,Y,Y,PMC10588832,full-text,title fits: DR/retinal image classification
208,MED,35422760,10.3389/fendo.2022.865211,2022,The Fundus Structural and Functional Predictions of DME Patients After Anti-VEGF Treatments.,Front Endocrinol (Lausanne),Y,Y,PMC9001945,E2,DME treatment
209,MED,33897905,10.1007/s11760-021-01904-7,2021,DRISTI: a hybrid deep neural network for diabetic retinopathy diagnosis.,Signal Image Video Process,Y,Y,PMC8051933,full-text,title fits: DR/retinal image classification
210,PPR,PPR379393,10.21203/rs.3.rs-654484/v1,2021,In Search for the Optimal Preprocessing Technique for Deep Learning Based Diabetic Retinopathy Stage Classification from Fundus Images,,N,N,,full-text,title fits: DR/retinal image classification
211,MED,40164818,10.1007/s10278-025-01481-y,2025,Vision Transformers in Medical Imaging: a Comprehensive Review of Advancements and Applications Across Multiple Diseases.,J Imaging Inform Med,N,Y,PMC12701147,E3,review/survey (no own experiments)
212,MED,36156979,10.1155/2022/7040141,2022,Minimized Computations of Deep Learning Technique for Early Diagnosis of Diabetic Retinopathy Using IoT-Based Medical Devices.,Comput Intell Neurosci,Y,Y,PMC9492354,full-text,title fits: DR/retinal image classification
213,MED,39130469,10.1016/j.heliyon.2024.e34420,2024,MedCapsNet: A modified Densenet201 model integrated with capsule network for heel disease detection and classification.,Heliyon,Y,Y,PMC11315153,E2,heel
214,MED,38591048,10.1016/j.xops.2024.100471,2024,Transparency in Artificial Intelligence Reporting in Ophthalmology-A Scoping Review.,Ophthalmol Sci,Y,Y,PMC11000111,E3,review/survey (no own experiments)
215,MED,37189539,10.3390/diagnostics13081439,2023,Mobile-HR: An Ophthalmologic-Based Classification System for Diagnosis of Hypertensive Retinopathy Using Optimized MobileNet Architecture.,Diagnostics (Basel),Y,Y,PMC10137711,E2,hypertensive retinopathy
216,MED,36611392,10.3390/diagnostics13010100,2022,Comprehensive Review on the Use of Artificial Intelligence in Ophthalmology and Future Research Directions.,Diagnostics (Basel),Y,Y,PMC9818832,E3,review/survey (no own experiments)
217,MED,34013026,10.7717/peerj-cs.456,2021,Detection of diabetic retinopathy using a fusion of textural and ridgelet features of retinal images and sequential minimal optimization classifier.,PeerJ Comput Sci,Y,Y,PMC8114804,full-text,title fits: DR/retinal image classification
218,MED,33727785,10.2147/opth.s289425,2021,Evaluating the Viability of a Smartphone-Based Annotation Tool for Faster and Accurate Image Labelling for Artificial Intelligence in Diabetic Retinopathy.,Clin Ophthalmol,Y,Y,PMC7953891,E3,annotation tool
219,MED,36636467,10.1155/2023/1305583,2023,Classification of Diabetic Retinopathy Severity in Fundus Images Using the Vision Transformer and Residual Attention.,Comput Intell Neurosci,Y,Y,PMC9831706,full-text,title fits: DR/retinal image classification
220,MED,35591182,10.3390/s22093490,2022,The Role of Different Retinal Imaging Modalities in Predicting Progression of Diabetic Retinopathy: A Survey.,Sensors (Basel),Y,Y,PMC9101725,E3,review/survey (no own experiments)
221,MED,40206726,10.1016/j.mcpdig.2023.02.003,2023,Retinal Scans and Data Sharing: The Privacy and Scientific Development Equilibrium.,Mayo Clin Proc Digit Health,Y,Y,PMC11975763,E3,review/survey (no own experiments)
222,MED,36824442,10.1155/2023/6329819,2023,Diabetic Macular Oedema Guidelines: An Australian Perspective.,J Ophthalmol,Y,Y,PMC9943607,E3,review/survey (no own experiments)
223,MED,34681974,10.3390/e23101251,2021,DFTSA-Net: Deep Feature Transfer-Based Stacked Autoencoder Network for DME Diagnosis.,Entropy (Basel),Y,Y,PMC8534911,E2,OCT DME
224,MED,36697482,10.1038/s41598-023-28347-z,2023,Using deep learning to detect diabetic retinopathy on handheld non-mydriatic retinal images acquired by field workers in community settings.,Sci Rep,Y,Y,PMC9876892,E2,own handheld images
225,MED,33087340,10.1136/bmjdrc-2020-001596,2020,"Artificial intelligence-enabled screening for diabetic retinopathy: a real-world, multicenter and prospective study.",BMJ Open Diabetes Res Care,Y,Y,PMC7580048,E2,own prospective data
226,MED,36246896,10.3389/fendo.2022.946915,2022,Artificial intelligence promotes the diagnosis and screening of diabetic retinopathy.,Front Endocrinol (Lausanne),Y,Y,PMC9559815,E3,review/survey (no own experiments)
227,MED,34637117,10.1007/s40123-021-00405-7,2021,A Proposed Framework for Machine Learning-Aided Triage in Public Specialty Ophthalmology Clinics in Hong Kong.,Ophthalmol Ther,Y,Y,PMC8507354,E2,"triage, own data"
228,MED,34880311,10.1038/s41598-021-02834-7,2021,Weakly Supervised Sensitive Heatmap framework to classify and localize diabetic retinopathy lesions.,Sci Rep,Y,Y,PMC8655092,full-text,title fits: DR/retinal image classification
229,MED,36718211,10.1111/exsy.13173,2022,Federated learning based Covid-19 detection.,Expert Syst,Y,Y,PMC9877822,E2,COVID
230,MED,40717132,10.1186/s13007-025-01421-5,2025,Herbify: an ensemble deep learning framework integrating convolutional neural networks and vision transformers for precise herb identification.,Plant Methods,Y,Y,PMC12302811,E2,herbs
231,MED,35463234,10.1155/2022/8014979,2022,Diagnosis of Retinal Diseases Based on Bayesian Optimization Deep Learning Network Using Optical Coherence Tomography Images.,Comput Intell Neurosci,Y,Y,PMC9033334,E2,OCT
232,MED,36850717,10.3390/s23042112,2023,Reviewing Federated Machine Learning and Its Use in Diseases Prediction.,Sensors (Basel),Y,Y,PMC9958993,E3,review/survey (no own experiments)
233,MED,35756852,10.1007/s13755-022-00182-y,2022,Optical coherence tomography image based eye disease detection using deep convolutional neural network.,Health Inf Sci Syst,N,Y,PMC9213631,E2,OCT
234,MED,38672031,10.3390/brainsci14040381,2024,Positive Effect of Super-Resolved Structural Magnetic Resonance Imaging for Mild Cognitive Impairment Detection.,Brain Sci,Y,Y,PMC11048389,E2,MRI
235,MED,40917147,10.1007/s13534-025-00484-6,2025,Vision-language foundation models for medical imaging: a review of current practices and innovations.,Biomed Eng Lett,Y,Y,PMC12411343,E3,review/survey (no own experiments)
236,MED,36146414,10.3390/s22187065,2022,Critical Analysis of the Current Medical Image-Based Processing Techniques for Automatic Disease Evaluation: Systematic Literature Review.,Sensors (Basel),Y,Y,PMC9501859,E3,review/survey (no own experiments)
237,MED,34616895,10.7717/peerj-cs.719,2021,Decoders configurations based on Unet family and feature pyramid network for COVID-19 segmentation on CT images.,PeerJ Comput Sci,Y,Y,PMC8459784,E2,COVID
238,MED,33735069,10.1016/s2589-7500(20)30240-5,2021,"A global review of publicly available datasets for ophthalmological imaging: barriers to access, usability, and generalisability.",Lancet Digit Health,Y,Y,PMC7618278,E3,review/survey (no own experiments)
239,MED,34696149,10.3390/s21206936,2021,An Automatic Detection and Classification System of Five Stages for Hypertensive Retinopathy Using Semantic and Instance Segmentation in DenseNet Architecture.,Sensors (Basel),Y,Y,PMC8538561,E2,hypertensive retinopathy
240,MED,36673578,10.3390/healthcare11020212,2023,A Deep Learning-Based Framework for Retinal Disease Classification.,Healthcare (Basel),Y,Y,PMC9859538,full-text,title fits: DR/retinal image classification
241,MED,36738650,10.1016/j.media.2023.102762,2023,"Transforming medical imaging with Transformers? A comparative review of key properties, current progresses, and future perspectives.",Med Image Anal,N,Y,PMC10010286,E3,review/survey (no own experiments)
242,MED,38837967,10.1371/journal.pone.0304943,2024,Stitched vision transformer for age-related macular degeneration detection using retinal optical coherence tomography images.,PLoS One,Y,Y,PMC11152295,E2,AMD OCT
243,MED,32463617,10.7705/biomedica.4765,2020,Aptamers as a novel diagnostic and therapeutic tool and their potential use in parasitology,Biomedica,Y,Y,PMC7449109,E2,aptamers
244,PPR,PPR423689,,2021,Federated Learning for Smart Healthcare: A Survey,,Y,Y,,E3,review/survey (no own experiments)
245,MED,34902546,10.1016/j.preteyeres.2021.101034,2022,Trustworthy AI: Closing the gap between development and integration of AI systems in ophthalmic practice.,Prog Retin Eye Res,N,Y,PMC11696120,E3,review/survey (no own experiments)
