stage,count,note
"Records from original searches (Papers with Code, arXiv, journals, conferences; GitHub 352 repos)",104,"Phase 3 log, 2026-09-22"
"Records from Europe PMC (2020-2025, searched 2026-09-25)",268,europepmc_export_2026-09-25.csv
Duplicates removed,28,1 within original searches + 22 Europe PMC records already in the log + 5 duplicate Europe PMC records (E7)
Records screened,344,103 + 241
Excluded at title screen (Europe PMC),95,"E3 62 (48 reviews/surveys, 14 not classification), E2 33"
Assessed against the full inclusion criteria,249,146 Europe PMC + 103 original log
  Europe PMC: code-mention records assessed in full text,19,"3 include; E2 9, E5 4, E6 2, E4 1"
"  Europe PMC: no full text in Europe PMC, checked individually",35,"1 include; E2 2, E4 1, E5 31 (1 retracted)"
  Europe PMC: full text in Europe PMC with no code/GitHub mention,92,"E5 by full-text search (github/gitlab/""source code""/""code availability"")"
  Original log: included at first pass,6,"DiffMIC, nnMobileNet, SSiT, VMLRI, UMKD, GCN"
  Original log: excluded at first pass,72,"E1 9, E2 26, E3 4, E4 2, E5 28, E8 3"
  Original log: resolved after full-text review,25,"2 include (UrFound, Cheng et al.), 23 excluded"
Excluded at full assessment,237,"E1 13, E2 46, E3 4, E4 5, E5 162, E6 3, E8 4"
Included,12,"6 original log at first pass + 2 original log after full-text review + 4 Europe PMC (RETFound, EyeCLIP, Rajaraman et al. 2022, Sugeno et al. 2021)"
