id_i,id_j,i,j,tier,generators,n_generators,md5_same,pixel_same,ncc,phash_dist,dhash_dist,cosine,split_i,split_j,label_i,label_j,label_conflict,cross_split
00cb6555d108,ca25745942b0,9,2907,exact,dhash+md5+ncc+phash+pixel,3,True,True,1.0,0,0,,pool,pool,1,1,False,False
012a242ac6ff,1f07dae3cadb,16,439,exact,dhash+md5+ncc+phash+pixel,3,True,True,1.0,0,0,,pool,pool,2,2,False,False
0161338f53cc,cac40227d3b2,19,2919,exact,dhash+md5+ncc+phash+pixel,3,True,True,1.0,0,0,,pool,pool,2,2,False,False
026dcd9af143,98e8adcf085c,35,2169,exact,dhash+md5+ncc+phash+pixel,3,True,True,1.0,0,0,,pool,pool,2,2,False,False
034cb07a550f,c8d2d32f7f29,43,2890,exact,dhash+md5+ncc+phash+pixel,3,True,True,1.0,0,0,,pool,pool,4,4,False,False
04ac765f91a1,3044022c6969,59,679,exact,dhash+md5+ncc+phash+pixel,3,True,True,1.0,0,0,,pool,pool,1,1,False,False
05a5183c92d0,63a03880939c,72,1420,exact,dhash+md5+ncc+phash+pixel,3,True,True,1.0,0,0,,pool,pool,1,1,False,False
07419eddd6be,81b0a2651c45,90,1840,exact,dhash+md5+ncc+phash+pixel,3,True,True,1.0,0,0,,pool,pool,2,2,False,False
0ac436400db4,fda39982a810,145,3627,exact,dhash+md5+ncc+phash+pixel,3,True,True,1.0,0,0,,pool,pool,2,3,True,False
0c7e82daf5a0,3e86335bc2fd,164,865,exact,dhash+md5+ncc+phash+pixel,3,True,True,1.0,0,0,,pool,pool,2,2,False,False
0cb14014117d,4a44cc840ebe,168,1037,exact,dhash+md5+ncc+phash+pixel,3,True,True,1.0,0,0,,pool,pool,3,2,True,False
0dce95217626,94372043d55b,190,2111,exact,dhash+md5+ncc+phash+pixel,3,True,True,1.0,0,0,,pool,pool,1,1,False,False
1006345f70b7,435d900fa7b2,219,930,exact,dhash+md5+ncc+phash+pixel,3,True,True,1.0,0,0,,pool,pool,2,2,False,False
111898ab463d,33105f9b3a04,234,709,exact,dhash+md5+ncc+phash+pixel,3,True,True,1.0,0,0,,pool,pool,1,1,False,False
11242a67122d,65c958379680,236,1446,exact,dhash+md5+ncc+phash+pixel,3,True,True,1.0,0,0,,pool,pool,4,4,False,False
12e3f5f2cb17,d567a1a22d33,252,3066,exact,dhash+md5+ncc+phash+pixel,3,True,True,1.0,0,0,,pool,pool,1,1,False,False
135575dc57c9,2c2aa057afc5,257,627,exact,dhash+md5+ncc+phash+pixel,3,True,True,1.0,0,0,,pool,pool,2,2,False,False
1411c8ab7161,8acffaf1f4b9,264,1978,exact,dhash+md5+ncc+phash+pixel,3,True,True,1.0,0,0,,pool,pool,2,2,False,False
144b01e7b993,1e143fa3de57,270,425,exact,dhash+md5+ncc+phash+pixel,3,True,True,1.0,0,0,,pool,pool,2,2,False,False
14515b8f19b6,ba2624883599,271,2694,exact,dhash+md5+ncc+phash+pixel,3,True,True,1.0,0,0,,pool,pool,2,2,False,False
14e3f84445f7,f0f89314e860,273,3474,exact,dhash+md5+ncc+phash+pixel,3,True,True,1.0,0,0,,pool,pool,3,4,True,False
1632c4311fc9,a75bab2463d4,297,2388,exact,dhash+md5+ncc+phash+pixel,3,True,True,1.0,0,0,,pool,pool,2,1,True,False
1638404f385c,576e189d23d4,299,1251,exact,dhash+md5+ncc+phash+pixel,3,True,True,1.0,0,0,,pool,pool,4,4,False,False
19722bff5a09,19e350c7c83c,349,352,exact,dhash+md5+ncc+phash+pixel,3,True,True,1.0,0,0,,pool,pool,1,1,False,False
1a1b4b2450ca,92b0d27fc0ec,357,2090,exact,dhash+md5+ncc+phash+pixel,3,True,True,1.0,0,0,,pool,pool,2,2,False,False
1ae8c165fd53,5a36cea278ae,366,1300,exact,dhash+md5+ncc+phash+pixel,3,True,True,1.0,0,0,,pool,pool,2,2,False,False
1b4625877527,86b3a7929bec,371,1907,exact,dhash+md5+ncc+phash+pixel,3,True,True,1.0,0,0,,pool,pool,2,2,False,False
1c4d87baaffc,35aa7f5c2ec0,384,747,exact,dhash+md5+ncc+phash+pixel,3,True,True,1.0,0,0,,pool,pool,2,1,True,False
1c5e6cdc7ee1,3c53198519f7,388,837,exact,dhash+md5+ncc+phash+pixel,3,True,True,1.0,0,0,,pool,pool,2,2,False,False
1c6d119c3d70,a56230242a95,389,2363,exact,dhash+md5+ncc+phash+pixel,3,True,True,1.0,0,0,,pool,pool,2,2,False,False
1c9c583c10bf,ea15a290eb96,392,3372,exact,dhash+md5+ncc+phash+pixel,3,True,True,1.0,0,0,,pool,pool,0,1,True,False
1cb814ed6332,a7b0d0c51731,398,2397,exact,dhash+md5+ncc+phash+pixel,3,True,True,1.0,0,0,,pool,pool,2,2,False,False
1dfbede13143,38fe9f854046,422,797,exact,dhash+md5+ncc+phash+pixel,3,True,True,1.0,0,0,,pool,pool,2,2,False,False
1e8a1fdee5b9,a47432cd41e7,431,2351,exact,dhash+md5+ncc+phash+pixel,3,True,True,1.0,0,0,,pool,pool,1,1,False,False
1e8a1fdee5b9,b8ebedd382de,431,2667,exact,dhash+md5+ncc+phash+pixel,3,True,True,1.0,0,0,,pool,pool,1,1,False,False
a47432cd41e7,b8ebedd382de,2351,2667,exact,dhash+md5+ncc+phash+pixel,3,True,True,1.0,0,0,,pool,pool,1,1,False,False
1e9224ccca95,f6f3ea0d2693,433,3545,exact,dhash+md5+ncc+phash+pixel,3,True,True,1.0,0,0,,pool,pool,4,4,False,False
1ee1eb7943db,c2d2b4f536da,435,2813,exact,dhash+md5+ncc+phash+pixel,3,True,True,1.0,0,0,,pool,pool,2,2,False,False
22895c89792f,bd5013540a13,487,2734,exact,dhash+md5+ncc+phash+pixel,3,True,True,1.0,0,0,,pool,pool,4,4,False,False
23d7ca170bdb,ea9e0fb6fb0b,502,3382,exact,dhash+md5+ncc+phash+pixel,3,True,True,1.0,0,0,,pool,pool,2,2,False,False
26e231747848,36ec36c301c1,548,766,exact,dhash+md5+ncc+phash+pixel,3,True,True,1.0,0,0,,pool,pool,2,2,False,False
278aa860dffd,f066db7a2efe,557,3462,exact,dhash+md5+ncc+phash+pixel,3,True,True,1.0,0,0,,pool,pool,1,0,True,False
2923971566fe,badb5ff8d3c7,583,2704,exact,dhash+md5+ncc+phash+pixel,3,True,True,1.0,0,0,,pool,pool,0,0,False,False
2a3a1ed1c285,2b21d293fdf2,602,613,exact,dhash+md5+ncc+phash+pixel,3,True,True,1.0,0,0,,pool,pool,2,2,False,False
2cceb07ff706,8a759f94613a,634,1966,exact,dhash+md5+ncc+phash+pixel,3,True,True,1.0,0,0,,pool,pool,2,2,False,False
2df07eb5779f,b91ef82e723a,651,2672,exact,dhash+md5+ncc+phash+pixel,3,True,True,1.0,0,0,,pool,pool,4,2,True,False
2f7789c1e046,a8e88d4891c4,665,2426,exact,dhash+md5+ncc+phash+pixel,3,True,True,1.0,0,0,,pool,pool,4,3,True,False
30cab14951ac,c546670d9684,684,2838,exact,dhash+md5+ncc+phash+pixel,3,True,True,1.0,0,0,,pool,pool,1,0,True,False
36041171f441,595446774178,754,1281,exact,dhash+md5+ncc+phash+pixel,3,True,True,1.0,0,0,,pool,pool,1,1,False,False
36677b70b1ef,7bf981d9c7fe,758,1756,exact,dhash+md5+ncc+phash+pixel,3,True,True,1.0,0,0,,pool,pool,1,1,False,False
38487e1a5b1f,b376def52ccc,785,2585,exact,dhash+md5+ncc+phash+pixel,3,True,True,1.0,0,0,,pool,pool,2,2,False,False
3a1d3ce00f0c,a19507501b40,807,2307,exact,dhash+md5+ncc+phash+pixel,3,True,True,1.0,0,0,,pool,pool,2,2,False,False
3b4a5fcbe5e0,3ca637fddd56,824,843,exact,dhash+md5+ncc+phash+pixel,3,True,True,1.0,0,0,,pool,pool,4,4,False,False
3cd801ffdbf0,7525ebb3434d,847,1651,exact,dhash+md5+ncc+phash+pixel,3,True,True,1.0,0,0,,pool,pool,2,3,True,False
3dbfbc11e105,d0079cc188e9,856,2992,exact,dhash+md5+ncc+phash+pixel,3,True,True,1.0,0,0,,pool,pool,2,3,True,False
3ee4841936ef,7005be54cab1,867,1596,exact,dhash+md5+ncc+phash+pixel,3,True,True,1.0,0,0,,pool,pool,4,1,True,False
3f44d749cd0b,f9e1c439d4c8,870,3583,exact,dhash+md5+ncc+phash+pixel,3,True,True,1.0,0,0,,pool,pool,0,0,False,False
3fd7df6099e3,a3b2e93d058b,884,2340,exact,dhash+md5+ncc+phash+pixel,3,True,True,1.0,0,0,,pool,pool,2,2,False,False
40e9b5630438,77a9538b8362,898,1691,exact,dhash+md5+ncc+phash+pixel,3,True,True,1.0,0,0,,pool,pool,1,1,False,False
42985aa2e32f,6165081b9021,918,1388,exact,dhash+md5+ncc+phash+pixel,3,True,True,1.0,0,0,,pool,pool,0,1,True,False
42a850acd2ac,51131b48f9d4,920,1156,exact,dhash+md5+ncc+phash+pixel,3,True,True,1.0,0,0,,pool,pool,2,1,True,False
42a850acd2ac,8cb6b0efaaac,920,2003,exact,dhash+md5+ncc+phash+pixel,3,True,True,1.0,0,0,,pool,pool,2,2,False,False
51131b48f9d4,8cb6b0efaaac,1156,2003,exact,dhash+md5+ncc+phash+pixel,3,True,True,1.0,0,0,,pool,pool,1,2,True,False
43fb6eda9b97,e4e343eaae2a,944,3297,exact,dhash+md5+ncc+phash+pixel,3,True,True,1.0,0,0,,pool,pool,2,2,False,False
46cdc8b685bd,e4151feb8443,989,3284,exact,dhash+md5+ncc+phash+pixel,3,True,True,1.0,0,0,,pool,pool,4,2,True,False
48c49f662f7d,6cb98da77e3e,1010,1543,exact,dhash+md5+ncc+phash+pixel,3,True,True,1.0,0,0,,pool,pool,2,2,False,False
4ce74e5eb51d,c68dfa021d62,1081,2862,exact,dhash+md5+ncc+phash+pixel,3,True,True,1.0,0,0,,pool,pool,2,2,False,False
4d7d6928534a,94b1d8ad35ec,1092,2116,exact,dhash+md5+ncc+phash+pixel,3,True,True,1.0,0,0,,pool,pool,1,1,False,False
4fecf87184e6,9bf060db8376,1135,2222,exact,dhash+md5+ncc+phash+pixel,3,True,True,1.0,0,0,,pool,pool,3,3,False,False
4fecf87184e6,f7edc074f06b,1135,3559,exact,dhash+md5+ncc+phash+pixel,3,True,True,1.0,0,0,,pool,pool,3,2,True,False
9bf060db8376,f7edc074f06b,2222,3559,exact,dhash+md5+ncc+phash+pixel,3,True,True,1.0,0,0,,pool,pool,3,2,True,False
521d3e264d71,fe0fc67c7980,1179,3634,exact,dhash+md5+ncc+phash+pixel,3,True,True,1.0,0,0,,pool,pool,2,3,True,False
530d78467615,c1c8550508e0,1200,2801,exact,dhash+md5+ncc+phash+pixel,3,True,True,1.0,0,0,,pool,pool,2,2,False,False
5b76117c4bcb,e037643244b7,1318,3218,exact,dhash+md5+ncc+phash+pixel,3,True,True,1.0,0,0,,pool,pool,4,4,False,False
5dc23e440de3,f4d3777f2710,1349,3513,exact,dhash+md5+ncc+phash+pixel,3,True,True,1.0,0,0,,pool,pool,2,2,False,False
5e7db41b3bee,a1b12fdce6c3,1358,2309,exact,dhash+md5+ncc+phash+pixel,3,True,True,1.0,0,0,,pool,pool,4,2,True,False
5eb311bcb5f9,a9e984b57556,1362,2443,exact,dhash+md5+ncc+phash+pixel,3,True,True,1.0,0,0,,pool,pool,2,3,True,False
60f15dd68d30,fcc6aa6755e6,1381,3618,exact,dhash+md5+ncc+phash+pixel,3,True,True,1.0,0,0,,pool,pool,4,3,True,False
6253f23229b1,76cfe8967f7d,1404,1680,exact,dhash+md5+ncc+phash+pixel,3,True,True,1.0,0,0,,pool,pool,3,2,True,False
64678182d8a8,6b00cb764237,1428,1515,exact,dhash+md5+ncc+phash+pixel,3,True,True,1.0,0,0,,pool,pool,1,1,False,False
65e51e18242b,cc12453ea915,1450,2941,exact,dhash+md5+ncc+phash+pixel,3,True,True,1.0,0,0,,pool,pool,1,1,False,False
68332fdcaa70,d801c0a66738,1488,3099,exact,dhash+md5+ncc+phash+pixel,3,True,True,1.0,0,0,,pool,pool,1,1,False,False
6c3745a222da,eadc57064154,1537,3387,exact,dhash+md5+ncc+phash+pixel,3,True,True,1.0,0,0,,pool,pool,4,4,False,False
6e92b1c5ac8e,9c52b87d01f1,1580,2226,exact,dhash+md5+ncc+phash+pixel,3,True,True,1.0,0,0,,pool,pool,3,3,False,False
71c1a3cdbe47,79ce83c07588,1611,1723,exact,dhash+md5+ncc+phash+pixel,3,True,True,1.0,0,0,,pool,pool,1,1,False,False
7550966ef777,8d7bb0649a02,1656,2011,exact,dhash+md5+ncc+phash+pixel,3,True,True,1.0,0,0,,pool,pool,2,2,False,False
75a7bc945b7d,98104c8c67eb,1663,2158,exact,dhash+md5+ncc+phash+pixel,3,True,True,1.0,0,0,,pool,pool,2,2,False,False
7877be80901c,ee2c2a5f7d0e,1706,3426,exact,dhash+md5+ncc+phash+pixel,3,True,True,1.0,0,0,,pool,pool,2,2,False,False
7a0cff4c24b2,86baef833ae0,1726,1908,exact,dhash+md5+ncc+phash+pixel,3,True,True,1.0,0,0,,pool,pool,2,2,False,False
7a3ea1779b13,a8582e346df0,1730,2407,exact,dhash+md5+ncc+phash+pixel,3,True,True,1.0,0,0,,pool,pool,1,1,False,False
7a3ea1779b13,c027e5482e8c,1730,2784,exact,dhash+md5+ncc+phash+pixel,3,True,True,1.0,0,0,,pool,pool,1,1,False,False
7a3ea1779b13,ca6842bfcbc9,1730,2912,exact,dhash+md5+ncc+phash+pixel,3,True,True,1.0,0,0,,pool,pool,1,1,False,False
a8582e346df0,c027e5482e8c,2407,2784,exact,dhash+md5+ncc+phash+pixel,3,True,True,1.0,0,0,,pool,pool,1,1,False,False
a8582e346df0,ca6842bfcbc9,2407,2912,exact,dhash+md5+ncc+phash+pixel,3,True,True,1.0,0,0,,pool,pool,1,1,False,False
c027e5482e8c,ca6842bfcbc9,2784,2912,exact,dhash+md5+ncc+phash+pixel,3,True,True,1.0,0,0,,pool,pool,1,1,False,False
7b691d9ced34,d51c2153d151,1746,3064,exact,dhash+md5+ncc+phash+pixel,3,True,True,1.0,0,0,,pool,pool,0,0,False,False
7d261f986bef,91cbe1c775ef,1772,2076,exact,dhash+md5+ncc+phash+pixel,3,True,True,1.0,0,0,,pool,pool,2,2,False,False
7e160c8b611e,91b6ebaa3678,1783,2074,exact,dhash+md5+ncc+phash+pixel,3,True,True,1.0,0,0,,pool,pool,3,3,False,False
80964d8e0863,ab50123abadb,1818,2467,exact,dhash+md5+ncc+phash+pixel,3,True,True,1.0,0,0,,pool,pool,4,2,True,False
80d24897669f,fea14b3d44b0,1824,3640,exact,dhash+md5+ncc+phash+pixel,3,True,True,1.0,0,0,,pool,pool,1,1,False,False
80feb1f7ca5e,878a3a097436,1830,1926,exact,dhash+md5+ncc+phash+pixel,3,True,True,1.0,0,0,,pool,pool,2,2,False,False
840527bc6628,857002ed4e49,1871,1892,exact,dhash+md5+ncc+phash+pixel,3,True,True,1.0,0,0,,pool,pool,2,2,False,False
8446826853d0,8ef2eb8c51c4,1876,2035,exact,dhash+md5+ncc+phash+pixel,3,True,True,1.0,0,0,,pool,pool,2,1,True,False
8fc09fecd22f,d1cad012a254,2044,3018,exact,dhash+md5+ncc+phash+pixel,3,True,True,1.0,0,0,,pool,pool,1,1,False,False
906d02fb822d,a4012932e18d,2056,2344,exact,dhash+md5+ncc+phash+pixel,3,True,True,1.0,0,0,,pool,pool,0,0,False,False
98f7136d2e7a,e740af6ac6ea,2171,3332,exact,dhash+md5+ncc+phash+pixel,3,True,True,1.0,0,0,,pool,pool,2,4,True,False
9a3c03a5ad0f,f03d3c4ce7fb,2194,3460,exact,dhash+md5+ncc+phash+pixel,3,True,True,1.0,0,0,,pool,pool,2,4,True,False
9b32e8ef0ca0,a15652b22ab8,2209,2302,exact,dhash+md5+ncc+phash+pixel,3,True,True,1.0,0,0,,pool,pool,2,2,False,False
9b418ce42c13,be161517d3ac,2210,2744,exact,dhash+md5+ncc+phash+pixel,3,True,True,1.0,0,0,,pool,pool,2,2,False,False
9b7b6e4db1d5,9f4132bd6ed6,2214,2261,exact,dhash+md5+ncc+phash+pixel,3,True,True,1.0,0,0,,pool,pool,2,2,False,False
9c5dd3612f0c,c9f0dc2c8b43,2227,2903,exact,dhash+md5+ncc+phash+pixel,3,True,True,1.0,0,0,,pool,pool,2,2,False,False
9e3510963315,b187b3c93afb,2248,2567,exact,dhash+md5+ncc+phash+pixel,3,True,True,1.0,0,0,,pool,pool,4,2,True,False
9f1efb799b7b,cd4e7f9fa1a9,2258,2960,exact,dhash+md5+ncc+phash+pixel,3,True,True,1.0,0,0,,pool,pool,2,2,False,False
a505981d1cab,d994203deb64,2360,3133,exact,dhash+md5+ncc+phash+pixel,3,True,True,1.0,0,0,,pool,pool,2,2,False,False
a8b637abd96b,e2c3b037413b,2420,3266,exact,dhash+md5+ncc+phash+pixel,3,True,True,1.0,0,0,,pool,pool,0,0,False,False
aca88f566228,c05b7b4c22fe,2488,2785,exact,dhash+md5+ncc+phash+pixel,3,True,True,1.0,0,0,,pool,pool,2,2,False,False
aeed1f251ceb,c0e509786f7f,2528,2792,exact,dhash+md5+ncc+phash+pixel,3,True,True,1.0,0,0,,pool,pool,4,4,False,False
b06dabab4f09,d144144a2f3f,2547,3003,exact,dhash+md5+ncc+phash+pixel,3,True,True,1.0,0,0,,pool,pool,2,2,False,False
b13d72ceea26,da0a1043abf7,2564,3143,exact,dhash+md5+ncc+phash+pixel,3,True,True,1.0,0,0,,pool,pool,2,2,False,False
b8ac328009e0,ff0740cb484a,2663,3646,exact,dhash+md5+ncc+phash+pixel,3,True,True,1.0,0,0,,pool,pool,2,2,False,False
b9127e38d9b9,e39b627cf648,2671,3277,exact,dhash+md5+ncc+phash+pixel,3,True,True,1.0,0,0,,pool,pool,2,4,True,False
ba735b286d62,ed3a0fc5b546,2698,3414,exact,dhash+md5+ncc+phash+pixel,3,True,True,1.0,0,0,,pool,pool,4,4,False,False
bacfb1029f6b,e12d41e7b221,2703,3232,exact,dhash+md5+ncc+phash+pixel,3,True,True,1.0,0,0,,pool,pool,1,2,True,False
bb7e0a2544cd,e76a9cbb2a8c,2713,3335,exact,dhash+md5+ncc+phash+pixel,3,True,True,1.0,0,0,,pool,pool,3,3,False,False
bcdc8db5423b,f920ccd926db,2728,3576,exact,dhash+md5+ncc+phash+pixel,3,True,True,1.0,0,0,,pool,pool,2,2,False,False
bfefa7344e7d,d85ea1220a03,2778,3112,exact,dhash+md5+ncc+phash+pixel,3,True,True,1.0,0,0,,pool,pool,4,4,False,False
ca0f1a17c8e5,ea05c22d92e9,2905,3371,exact,dhash+md5+ncc+phash+pixel,3,True,True,1.0,0,0,,pool,pool,2,2,False,False
ca891d37a43c,dc3c0d8ee20b,2916,3172,exact,dhash+md5+ncc+phash+pixel,3,True,True,1.0,0,0,,pool,pool,2,2,False,False
cd3fd04d72f5,d81b6ed83bc2,2957,3103,exact,dhash+md5+ncc+phash+pixel,3,True,True,1.0,0,0,,pool,pool,2,2,False,False
ce887b196c23,e7a7187066ad,2973,3339,exact,dhash+md5+ncc+phash+pixel,3,True,True,1.0,0,0,,pool,pool,2,2,False,False
d28bd830c171,f9ecf1795804,3030,3585,exact,dhash+md5+ncc+phash+pixel,3,True,True,1.0,0,0,,pool,pool,2,2,False,False
d51b3fe0fa1b,df4913ca3712,3063,3205,exact,dhash+md5+ncc+phash+pixel,3,True,True,1.0,0,0,,pool,pool,4,4,False,False
e8d1c6c07cf2,f23902998c21,3352,3482,exact,dhash+md5+ncc+phash+pixel,3,True,True,1.0,0,0,,pool,pool,3,2,True,False
f1a761c68559,ff52392372d3,3477,3652,exact,dhash+md5+ncc+phash+pixel,3,True,True,1.0,0,0,,pool,pool,2,2,False,False
0243404e8a00,3b018e8b7303,32,818,near_verified,dhash+ncc+phash,3,False,False,1.0,2,0,,pool,pool,4,3,True,False
0243404e8a00,3ddb86eb530e,32,857,near_verified,dhash+ncc+phash,3,False,False,1.0,2,0,,pool,pool,4,2,True,False
16ce555748d8,4d9fc85a8259,305,1093,near_verified,dhash+ncc+phash,3,False,False,1.0,0,0,,pool,pool,4,3,True,False
2b48daf24be0,9a94e0316ee3,616,2200,near_verified,dhash+ncc+phash,3,False,False,1.0,0,1,,pool,pool,3,3,False,False
2f284b6a1940,bb5083fae98f,660,2709,near_verified,dhash+ncc+phash,3,False,False,1.0,0,1,,pool,pool,4,3,True,False
33778d136069,4ccfa0b4e96c,715,1078,near_verified,dhash+ncc+phash,3,False,False,1.0,0,0,,pool,pool,3,4,True,False
3435fd8675a2,c62585bd68fb,727,2857,near_verified,dhash+ncc+phash,3,False,False,1.0,2,0,,pool,pool,3,4,True,False
3b018e8b7303,3ddb86eb530e,818,857,near_verified,dhash+ncc+phash,3,False,False,1.0,0,0,,pool,pool,3,2,True,False
60f15dd68d30,772af553b8b7,1381,1687,near_verified,dhash+ncc+phash,3,False,False,1.0,2,1,,pool,pool,4,3,True,False
772af553b8b7,fcc6aa6755e6,1687,3618,near_verified,dhash+ncc+phash,3,False,False,1.0,2,1,,pool,pool,3,3,False,False
8688f3d0fcaf,bfefa7344e7d,1904,2778,near_verified,dhash+ncc+phash,3,False,False,1.0,0,0,,pool,pool,3,4,True,False
8688f3d0fcaf,d85ea1220a03,1904,3112,near_verified,dhash+ncc+phash,3,False,False,1.0,0,0,,pool,pool,3,4,True,False
b019a49787c1,e1fb532f55df,2543,3250,near_verified,dhash+ncc+phash,3,False,False,1.0,0,0,,pool,pool,3,3,False,False
cd93a472e5cd,d035c2bd9104,2966,2994,near_verified,dhash+ncc+phash,3,False,False,1.0,4,0,,pool,pool,4,3,True,False
