review_id,stratum,id_i,id_j,grade_i,grade_j,ncc,phash_dist,dhash_dist,is_duplicate
1,near_verified,60f15dd68d30,772af553b8b7,4,3,1.0,2,1,1
2,near_verified,3435fd8675a2,c62585bd68fb,3,4,1.0,2,0,1
3,near_verified,2f284b6a1940,bb5083fae98f,4,3,1.0,0,1,1
4,near_verified,8688f3d0fcaf,d85ea1220a03,3,4,1.0,0,0,1
5,near_verified,16ce555748d8,4d9fc85a8259,4,3,1.0,0,0,1
6,near_verified,cd93a472e5cd,d035c2bd9104,4,3,1.0,4,0,1
7,near_verified,772af553b8b7,fcc6aa6755e6,3,3,1.0,2,1,1
8,near_verified,0243404e8a00,3ddb86eb530e,4,2,1.0,2,0,1
9,near_verified,3b018e8b7303,3ddb86eb530e,3,2,1.0,0,0,1
10,near_verified,8688f3d0fcaf,bfefa7344e7d,3,4,1.0,0,0,1
11,near_verified,2b48daf24be0,9a94e0316ee3,3,3,1.0,0,1,1
12,near_verified,0243404e8a00,3b018e8b7303,4,3,1.0,2,0,1
13,near_verified,33778d136069,4ccfa0b4e96c,3,4,1.0,0,0,1
14,near_verified,b019a49787c1,e1fb532f55df,3,3,1.0,0,0,1
15,candidate_multi,3325b1fe55d2,ca2b54b95ade,0,0,0.9713,82,28,0
16,candidate_multi,348598d01e18,f3b27ac2d371,0,0,0.9744,70,25,0
17,candidate_multi,1f31701dd61b,fed5bb685832,0,0,0.9845,46,29,0
18,candidate_multi,51af8a689511,5f4a8c074bd5,0,0,0.9906,32,23,0
19,candidate_multi,9985375d709f,f298b7d05958,0,0,0.9812,70,22,0
20,candidate_multi,b71428739d4e,e4dcca36ceb4,1,0,0.9837,70,28,0
21,candidate_multi,1409ab48175a,f3b27ac2d371,0,0,0.9808,40,28,0
22,candidate_multi,3f5b4c2948e8,ff1e940105f9,2,0,0.9684,70,32,0
23,candidate_multi,5814cbd2e9bf,d2fb715b0c41,0,0,0.9779,62,27,0
24,candidate_multi,4528fbbd43a3,93421787f520,0,0,0.9734,58,32,0
25,candidate_multi,e4a44f9158dc,ef99c499d665,0,0,0.986,58,31,0
26,candidate_multi,51af8a689511,82e5bc01f8a4,0,0,0.9732,90,22,0
27,candidate_multi,37c523296d42,eda29a9d78f3,0,0,0.9849,38,32,0
28,candidate_multi,65f69234c8a7,8185ce1cdcef,0,0,0.9824,46,26,0
29,candidate_multi,27933cdbe0cc,c38dec54a9f7,0,0,0.9855,42,30,0
30,candidate_multi,d6dbb0820ea5,e29e54ff921e,0,0,0.9856,48,30,0
31,candidate_multi,b09101adb478,e0d229db881a,0,0,0.9809,68,28,0
32,candidate_multi,18b99159a14f,9985375d709f,0,0,0.984,44,26,0
33,candidate_multi,65f69234c8a7,d88c4843aec3,0,0,0.986,56,25,0
34,candidate_multi,3bf3085ac167,b66f23ffa730,0,0,0.979,38,28,0
35,candidate_multi,4927945ecfed,bf9cba745efc,0,2,0.9851,60,32,0
36,candidate_multi,d74ccc796517,ec6659926105,0,0,0.9851,52,20,0
37,candidate_multi,9274e75dc4d5,e135d7ba9a0e,0,0,0.9918,58,28,0
38,candidate_multi,3cd9713c0ecb,a53d6d2472a6,0,0,0.9751,58,29,0
39,candidate_multi,3cab32dd6ef9,4e4a6224a04e,0,0,0.9792,86,26,0
40,candidate_multi,64b9206afb3f,f4d3169b468a,0,0,0.9836,42,25,0
41,candidate_multi,0e94cd271c00,bacfa2b8e706,0,0,0.9657,70,29,0
42,candidate_multi,789f0ec1eab8,f4ea2a2cfbb9,0,0,0.98,62,31,0
43,candidate_multi,3232b34cbe99,8aa3c4681542,0,0,0.9877,48,30,0
44,candidate_multi,2a4520f1f9a3,878e356c8fc9,0,0,0.9906,30,28,0
45,candidate_multi,705f508d1e42,fd0a70082e7c,0,0,0.9636,84,29,0
46,candidate_multi,7a77c3eb468c,b086c7cd3868,0,0,0.9867,56,29,0
47,candidate_multi,3710ff45299c,8ceff4c4c860,0,0,0.9793,48,32,0
48,candidate_multi,5ba156a35ff2,705f508d1e42,0,0,0.971,68,32,0
49,candidate_multi,00cc2b75cddd,13073f075a56,0,0,0.9811,64,24,0
50,candidate_multi,504a69096fcb,50916d67bb51,0,0,0.968,66,23,0
51,candidate_multi,75369248dba0,a2d349f567a6,0,2,0.9917,44,24,0
52,candidate_multi,3cd9713c0ecb,e150935f66a6,0,2,0.9831,42,24,0
53,candidate_multi,ca2b54b95ade,e79e10907295,0,0,0.9859,56,30,0
54,candidate_multi,1faf8664816c,6e092caa065f,0,0,0.9913,40,24,0
55,candidate_single,91e82fe4e434,c97472ef2c66,0,0,0.9502,70,49,0
56,candidate_single,04efb1a284cc,b086c7cd3868,0,0,0.9718,76,34,0
57,candidate_single,365f8c01d994,d97911a32918,1,0,0.9862,54,46,0
58,candidate_single,1509d097b69a,445a8a6da55c,0,0,0.9623,96,41,0
59,candidate_single,370f575adb23,90a786abe58e,0,0,0.9743,52,33,0
60,candidate_single,a1edf0e66592,f361060eda3e,0,0,0.9689,72,49,0
61,candidate_single,46acc506fa61,f3a88d3026dc,0,2,0.9667,68,63,0
62,candidate_single,4a589edaea60,be21d8b60e2a,0,2,0.9752,60,36,0
63,candidate_single,8dafa62f9322,a0adbe677508,0,0,0.9655,54,41,0
64,candidate_single,38e111cac46f,5a11d21c2828,2,2,0.9568,46,67,0
65,candidate_single,835b9f6e12ba,ef5155990874,0,0,0.9793,76,40,0
66,candidate_single,6c9c902a97de,974c7d7b9c64,0,0,0.9662,66,56,0
67,candidate_single,6324d77cf926,66bfec8d6bcd,0,0,0.9908,46,39,0
68,candidate_single,d0b132d2c7ec,d8da9de62743,4,0,0.9709,74,48,0
69,candidate_single,7d0a871c45db,d6b109c82067,0,0,0.9844,50,38,0
70,candidate_single,912fbe06407e,b8e9a8f4617d,0,0,0.9819,74,36,0
71,candidate_single,35ac70c0d08f,7ccf9d25dc48,0,0,0.9541,106,41,0
72,candidate_single,4d167ca69ea8,d6b109c82067,0,0,0.9895,52,54,0
73,candidate_single,613028ede6a0,ab686895533e,4,0,0.9669,88,53,0
74,candidate_single,19b0e3c734f5,b460ca9fa26f,0,0,0.9759,62,40,0
75,candidate_single,77acc2cafee1,ce8d2efd9d4f,0,0,0.9693,82,48,0
76,candidate_single,4462fba1d2a1,e93394175a19,4,3,0.9578,84,60,0
77,candidate_single,12ef75375322,42b9c1977681,0,0,0.982,72,42,0
78,candidate_single,46acc506fa61,b8297a2291f5,0,0,0.9586,84,74,0
79,candidate_single,3f5b4c2948e8,b460ca9fa26f,2,0,0.9771,68,34,0
80,candidate_single,15f8d769935c,93802d1e3c41,0,0,0.9643,78,60,0
81,candidate_single,08f8838d69bb,a1edf0e66592,0,0,0.9571,86,54,0
82,candidate_single,4826d10030b3,fb1b8771c70a,0,0,0.97,76,48,0
83,candidate_single,0db1d8dcf219,2b5bb6d33959,0,0,0.9591,64,56,0
84,candidate_single,851e40a21f81,a2d349f567a6,0,2,0.9827,60,43,0
85,candidate_single,3cab32dd6ef9,bfefa7344e7d,0,4,0.9568,78,36,0
86,candidate_single,d39752cb6e57,dd285d9e97fe,0,0,0.9623,78,42,0
87,candidate_single,7d94a000c2d0,d774692d9919,0,0,0.9592,78,58,0
88,candidate_single,789f0ec1eab8,febfb20dc311,0,0,0.9782,74,38,0
89,candidate_single,92e3d608fd3c,ca05f7e7801b,0,0,0.9529,90,49,0
90,candidate_single,08ee569d4721,4e231670b48c,0,0,0.9678,66,44,0
91,candidate_single,b0d35981708b,ccd34029493d,2,2,0.9543,74,72,0
92,candidate_single,35df2bc6ae95,aafe980edd0c,0,0,0.9716,76,47,0
93,candidate_single,155e2df6bfcf,1df1530b9b8d,0,0,0.9742,80,38,0
94,candidate_single,2dd28ac497d2,571bbdbf585e,0,0,0.9672,74,55,0
