weights,metric,as_released_mean,val_selected_mean,last_epoch_mean,inflation_mean,inflation_ci_lo,inflation_ci_hi,n_seeds
model,acc,0.8600485731633273,0.8482088646023073,0.8466909532483303,0.011839708561020013,-0.011121351793543111,0.03480076891558313,3
model,f1_macro,0.702888047430133,0.6833164631228401,0.6823860927795306,0.019571584307292816,-0.03203096420903387,0.0711741328236195,3
model,qwk,0.9134971197547695,0.9016427810758718,0.9011854632384289,0.0118543386788977,-0.004515241229732793,0.028223918587528193,3
model,auc_micro,0.9766847157109632,0.9752435985060878,0.9727209349006806,0.0014411172048754601,-0.007105791597028997,0.009988026006779917,3
model,dedup_acc,0.8654580152671757,0.8546437659033078,0.8536895674300254,0.010814249363867693,-0.014751967671174196,0.03638046639890958,3
model,R0_as_released_acc,0.8734061930783241,,,,0.865248919949882,0.8815634662067663,3
model,R0_as_released_auc_micro,0.9759828545138648,,,,0.9698920700973133,0.9820736389304163,3
model,R0_as_released_qwk,0.9218884179783252,,,,0.9075592039377002,0.9362176320189503,3
model,R0_as_released_f1_macro,0.724263512219323,,,,0.6921679316644868,0.7563590927741591,3
ema,acc,0.8579234972677595,0.8500303582270795,0.8457802064359442,0.007893139040680008,0.0006204746404578042,0.015165803440902213,3
ema,f1_macro,0.6810718091406446,0.681199093142657,0.6805298915619712,-0.00012728400201252507,-0.05089248406084301,0.05063791605681796,3
ema,qwk,0.9084541415845399,0.9077184334779411,0.9021627576578894,0.0007357081065986574,-0.014145992852999627,0.01561740906619694,3
ema,auc_micro,0.9785159554878716,0.9783656159070473,0.9764554392100004,0.00015033958082422139,-0.0019394861260619402,0.002240165287710383,3
ema,dedup_acc,0.8632315521628499,0.8555979643765902,0.8520992366412213,0.007633587786259517,0.0005225065503330914,0.014744669022185942,3
ema,R0_as_released_acc,0.8724954462659381,,,,0.8685768190075142,0.8764140735243621,3
ema,R0_as_released_auc_micro,0.9795697149865683,,,,0.9768881527071825,0.9822512772659541,3
ema,R0_as_released_qwk,0.9219075630507177,,,,0.9147238356996196,0.9290912904018159,3
ema,R0_as_released_f1_macro,0.722989687541201,,,,0.6928012705182114,0.7531781045641905,3
