run,weights,rule,epoch,acc,auc_micro,qwk,f1_macro,dedup_acc,acc_clean_imgs,acc_dup_same_grade,acc_dup_conflict_grade,conflict_pred_equals_train_copy,acc_last100_mean,acc_last100_sd,acc_max
R0_seed1,model,as_released (best test acc),756.0,0.8724954462659381,0.9774749834937508,0.9180531957125844,0.7360660638607321,0.8807251908396947,0.8807251908396947,0.9375,0.2777777777777778,0.6666666666666666,,,
R0_seed1,model,last_epoch,999.0,0.8624772313296903,0.97342846407278,0.9144039917765177,0.7255342965657803,0.8702290076335878,0.8702290076335878,0.96875,0.2222222222222222,0.7222222222222222,,,
R0_seed1,model,summary,,0.8423879781420764,,,,,,,,,0.8588888888888888,0.0028088109653995746,0.8724954462659381
R0_seed1,ema,as_released (best test acc),835.0,0.8734061930783242,0.9799685468860423,0.9243060721537124,0.73646220757377,0.8778625954198473,0.8778625954198473,0.9375,0.5,0.5,,,
R0_seed1,ema,last_epoch,999.0,0.8633879781420765,0.9772070679924751,0.9149798964134743,0.7225830328576345,0.8702290076335878,0.8702290076335878,0.96875,0.2777777777777778,0.6666666666666666,,,
R0_seed1,ema,summary,,0.7828060109289617,,,,,,,,,0.8659562841530054,0.0018278302321838437,0.8734061930783242
R0_seed1234,model,as_released (best test acc),733.0,0.8706739526411658,0.9773204966141454,0.919089948825297,0.7104592841737654,0.8769083969465649,0.8769083969465649,0.90625,0.4444444444444444,0.5555555555555556,,,
R0_seed1234,model,last_epoch,999.0,0.8642987249544627,0.9718829731819071,0.920042658949218,0.7086098163080856,0.8711832061068703,0.8711832061068703,0.96875,0.2777777777777778,0.6666666666666666,,,
R0_seed1234,model,summary,,0.8425455373406193,,,,,,,,,0.8603916211293259,0.002463917888563631,0.8706739526411658
R0_seed1234,ema,as_released (best test acc),854.0,0.8734061930783242,0.9803930229163141,0.9227202977570277,0.7196521049738698,0.8778625954198473,0.8778625954198473,0.9375,0.5,0.5,,,
R0_seed1234,ema,last_epoch,999.0,0.8633879781420765,0.9774722877495429,0.9143644545099789,0.699623676369636,0.8683206106870229,0.8683206106870229,0.9375,0.4444444444444444,0.5555555555555556,,,
R0_seed1234,ema,summary,,0.7847204007285975,,,,,,,,,0.8653916211293259,0.0022495649249119395,0.8734061930783242
R0_seed2,model,as_released (best test acc),844.0,0.8770491803278688,0.9731530834336979,0.9285221093970941,0.7262651886234714,0.8835877862595419,0.8835877862595419,0.9375,0.3888888888888889,0.6111111111111112,,,
R0_seed2,model,last_epoch,999.0,0.8679417122040073,0.9704716474066111,0.922432173167568,0.7068950221214725,0.8730916030534351,0.8730916030534351,0.96875,0.3888888888888889,0.6111111111111112,,,
R0_seed2,model,summary,,0.8443251366120219,,,,,,,,,0.8673406193078322,0.002764917775116591,0.8770491803278688
R0_seed2,ema,as_released (best test acc),844.0,0.8706739526411658,0.9783475751573485,0.9186963192414134,0.7128547500759631,0.8769083969465649,0.8769083969465649,0.90625,0.4444444444444444,0.6111111111111112,,,
R0_seed2,ema,last_epoch,999.0,0.8670309653916212,0.9739054034326364,0.9199700335493958,0.703158046688632,0.8740458015267175,0.8740458015267175,0.90625,0.3888888888888889,0.6111111111111112,,,
R0_seed2,ema,summary,,0.7895655737704919,,,,,,,,,0.8674043715846994,0.0008196721311475421,0.8706739526411658
R1_seed1,model,as_released (best test acc),630.0,0.8597449908925319,0.9758594032534731,0.9123312620642701,0.6989290249923734,0.8645038167938931,0.8645038167938931,0.875,0.5555555555555556,0.5,,,
R1_seed1,model,last_epoch,999.0,0.8469945355191257,0.9721268343502509,0.8972112585622213,0.6784488203530291,0.8540076335877863,0.8540076335877863,0.9375,0.2777777777777778,0.7222222222222222,,,
R1_seed1,model,val_selected,725.0,0.8579234972677595,0.9769352125573573,0.9079149372606208,0.7020981733911792,0.8654580152671756,0.8654580152671756,0.90625,0.3333333333333333,0.6666666666666666,,,
R1_seed1,model,summary,,0.8356147540983606,,,,,,,,,0.8486520947176686,0.0028342295123214996,0.8597449908925319
R1_seed1,ema,as_released (best test acc),811.0,0.860655737704918,0.9790368562148102,0.9132566244558956,0.6874077217676811,0.8654580152671756,0.8654580152671756,0.875,0.5555555555555556,0.5,,,
R1_seed1,ema,last_epoch,999.0,0.8506375227686703,0.9769735750710847,0.9057864069467509,0.6894368063798904,0.8568702290076335,0.8568702290076335,0.90625,0.3888888888888889,0.6111111111111112,,,
R1_seed1,ema,val_selected,939.0,0.8515482695810564,0.9779316010895783,0.9078395165351687,0.6857964207040854,0.857824427480916,0.857824427480916,0.90625,0.3888888888888889,0.6111111111111112,,,
R1_seed1,ema,summary,,0.7748506375227687,,,,,,,,,0.8510200364298722,0.0010370385882333165,0.860655737704918
R1_seed1234,model,as_released (best test acc),597.0,0.8652094717668488,0.9789163771852116,0.9115988855578038,0.7139701439487396,0.8711832061068703,0.8711832061068703,0.9375,0.3888888888888889,0.6666666666666666,,,
R1_seed1234,model,last_epoch,999.0,0.8442622950819673,0.9722288579002724,0.8983270572257547,0.6814132591641917,0.8520992366412213,0.8520992366412213,1.0,0.1111111111111111,0.8333333333333334,,,
R1_seed1234,model,val_selected,798.0,0.8451730418943534,0.9735547493206725,0.8946361685181572,0.676421045076159,0.8530534351145038,0.8530534351145038,0.9375,0.2222222222222222,0.7777777777777778,,,
R1_seed1234,model,summary,,0.8332194899817851,,,,,,,,,0.8363843351548269,0.0038799299914033182,0.8652094717668488
R1_seed1234,ema,as_released (best test acc),805.0,0.8615664845173042,0.9789101562370397,0.9067296552476047,0.7049467331402148,0.8673664122137404,0.8673664122137404,0.9375,0.3888888888888889,0.6666666666666666,,,
R1_seed1234,ema,last_epoch,999.0,0.8406193078324226,0.9757712731543692,0.8938996722964456,0.6706727920115566,0.8482824427480916,0.8482824427480916,0.9375,0.2222222222222222,0.7777777777777778,,,
R1_seed1234,ema,val_selected,778.0,0.8570127504553734,0.9790828912312832,0.9039242334380327,0.6855631088219883,0.8625954198473282,0.8625954198473282,0.90625,0.4444444444444444,0.6111111111111112,,,
R1_seed1234,ema,summary,,0.769948087431694,,,,,,,,,0.8483151183970858,0.003326521787541211,0.8615664845173042
R1_seed2,model,as_released (best test acc),710.0,0.855191256830601,0.9752783666942049,0.9165612116422347,0.6957649733492859,0.8606870229007634,0.8606870229007634,0.9375,0.3888888888888889,0.6666666666666666,,,
R1_seed2,model,last_epoch,999.0,0.848816029143898,0.973807112451518,0.9080180739273107,0.6872961988213708,0.8549618320610687,0.8549618320610687,0.96875,0.2777777777777778,0.7222222222222222,,,
R1_seed2,model,val_selected,701.0,0.8415300546448088,0.9752408336402334,0.9023772374488375,0.6714301709011823,0.8454198473282443,0.8454198473282443,0.96875,0.3888888888888889,0.6666666666666666,,,
R1_seed2,model,summary,,0.8294444444444444,,,,,,,,,0.8448451730418944,0.0027353664662073925,0.855191256830601
R1_seed2,ema,as_released (best test acc),580.0,0.8515482695810564,0.977600854011765,0.9053761450501192,0.6508609725140378,0.8568702290076335,0.8568702290076335,0.90625,0.4444444444444444,0.6111111111111112,,,
R1_seed2,ema,last_epoch,999.0,0.8460837887067395,0.9766214694045475,0.9068021937304718,0.6814800762944662,0.851145038167939,0.851145038167939,0.96875,0.3333333333333333,0.7222222222222222,,,
R1_seed2,ema,val_selected,821.0,0.8415300546448088,0.9780823554002807,0.9113915504606221,0.6722377499018976,0.8463740458015268,0.8463740458015268,0.9375,0.3888888888888889,0.6666666666666666,,,
R1_seed2,ema,summary,,0.772452641165756,,,,,,,,,0.844398907103825,0.001674712860694855,0.8515482695810564
